Figure Order,Figure 3
Figure Title,Period Total Fertility Often Varies More Than Completed Cohort Fertility
Source,TFR data are from the UN World Population Prospects 2024 (United Nations 2024). Completed cohort fertility data are from the Human Fertility Database (Human Fertility Database 2023).
Note,"Figure displays period total fertility rates (TFRs) and completed cohort fertility (CCF) for a select group of countries where sufficient CCF data were available. Cohorts are plotted at their date of birth plus 30 years. For example, the CCF for the 1970 birth cohort is plotted at 2000. We plot the full range of available cohort years from the HFD, which differ by country."

ISO3Alphacode,year,PeriodTFR,CCF,country_name
AUT,1960,2.689,,Austria
AUT,1961,2.787,,Austria
AUT,1962,2.801,,Austria
AUT,1963,2.817,,Austria
AUT,1964,2.779,,Austria
AUT,1965,2.697,,Austria
AUT,1966,2.672,2.436,Austria
AUT,1967,2.629,2.41,Austria
AUT,1968,2.585,2.339,Austria
AUT,1969,2.484,2.202,Austria
AUT,1970,2.294,2.132,Austria
AUT,1971,2.194,2.065,Austria
AUT,1972,2.077,2.037,Austria
AUT,1973,1.931,1.983,Austria
AUT,1974,1.902,1.953,Austria
AUT,1975,1.823,1.938,Austria
AUT,1976,1.681,1.986,Austria
AUT,1977,1.623,1.931,Austria
AUT,1978,1.597,1.916,Austria
AUT,1979,1.597,1.908,Austria
AUT,1980,1.651,1.863,Austria
AUT,1981,1.672,1.835,Austria
AUT,1982,1.661,1.812,Austria
AUT,1983,1.563,1.817,Austria
AUT,1984,1.526,1.784,Austria
AUT,1985,1.479,1.768,Austria
AUT,1986,1.455,1.746,Austria
AUT,1987,1.44,1.73,Austria
AUT,1988,1.457,1.713,Austria
AUT,1989,1.455,1.714,Austria
AUT,1990,1.467,1.698,Austria
AUT,1991,1.516,1.676,Austria
AUT,1992,1.516,1.675,Austria
AUT,1993,1.512,1.667,Austria
AUT,1994,1.474,1.652,Austria
AUT,1995,1.431,1.657,Austria
AUT,1996,1.448,1.64,Austria
AUT,1997,1.395,1.626,Austria
AUT,1998,1.371,1.61,Austria
AUT,1999,1.344,1.615,Austria
AUT,2000,1.364,1.624,Austria
AUT,2001,1.331,1.634,Austria
AUT,2002,1.389,1.651,Austria
AUT,2003,1.373,1.661,Austria
AUT,2004,1.415,1.661,Austria
AUT,2005,1.406,1.652,Austria
AUT,2006,1.404,1.642,Austria
AUT,2007,1.381,1.635,Austria
AUT,2008,1.411,1.639,Austria
AUT,2009,1.393,1.624,Austria
AUT,2010,1.44,,Austria
AUT,2011,1.43,,Austria
AUT,2012,1.44,,Austria
AUT,2013,1.436,,Austria
AUT,2014,1.464,,Austria
AUT,2015,1.492,,Austria
AUT,2016,1.531,,Austria
AUT,2017,1.521,,Austria
AUT,2018,1.479,,Austria
AUT,2019,1.464,,Austria
AUT,2020,1.439,,Austria
AUT,2021,1.469,,Austria
AUT,2022,1.41,,Austria
AUT,2023,1.317,,Austria
BEL,1960,2.533,,Belgium
BEL,1961,2.622,,Belgium
BEL,1962,2.595,,Belgium
BEL,1963,2.676,,Belgium
BEL,1964,2.702,,Belgium
BEL,1965,2.612,2.274,Belgium
BEL,1966,2.519,2.235,Belgium
BEL,1967,2.409,2.22,Belgium
BEL,1968,2.311,2.186,Belgium
BEL,1969,2.278,2.149,Belgium
BEL,1970,2.254,2.183,Belgium
BEL,1971,2.208,2.141,Belgium
BEL,1972,2.091,2.088,Belgium
BEL,1973,1.953,2.034,Belgium
BEL,1974,1.838,1.989,Belgium
BEL,1975,1.749,1.942,Belgium
BEL,1976,1.738,1.899,Belgium
BEL,1977,1.725,1.88,Belgium
BEL,1978,1.71,1.87,Belgium
BEL,1979,1.707,1.849,Belgium
BEL,1980,1.693,1.867,Belgium
BEL,1981,1.668,1.834,Belgium
BEL,1982,1.612,1.844,Belgium
BEL,1983,1.562,1.834,Belgium
BEL,1984,1.531,1.836,Belgium
BEL,1985,1.504,1.835,Belgium
BEL,1986,1.537,1.855,Belgium
BEL,1987,1.538,1.837,Belgium
BEL,1988,1.568,1.848,Belgium
BEL,1989,1.585,1.849,Belgium
BEL,1990,1.625,1.872,Belgium
BEL,1991,1.656,1.847,Belgium
BEL,1992,1.648,1.851,Belgium
BEL,1993,1.606,1.828,Belgium
BEL,1994,1.563,1.825,Belgium
BEL,1995,1.564,1.821,Belgium
BEL,1996,1.591,1.815,Belgium
BEL,1997,1.603,1.823,Belgium
BEL,1998,1.594,1.824,Belgium
BEL,1999,1.614,1.827,Belgium
BEL,2000,1.663,1.824,Belgium
BEL,2001,1.666,1.822,Belgium
BEL,2002,1.645,1.84,Belgium
BEL,2003,1.665,1.847,Belgium
BEL,2004,1.719,1.872,Belgium
BEL,2005,1.754,1.869,Belgium
BEL,2006,1.794,1.883,Belgium
BEL,2007,1.813,1.885,Belgium
BEL,2008,1.846,1.888,Belgium
BEL,2009,1.835,,Belgium
BEL,2010,1.849,,Belgium
BEL,2011,1.805,,Belgium
BEL,2012,1.784,,Belgium
BEL,2013,1.748,,Belgium
BEL,2014,1.733,,Belgium
BEL,2015,1.69,,Belgium
BEL,2016,1.675,,Belgium
BEL,2017,1.641,,Belgium
BEL,2018,1.616,,Belgium
BEL,2019,1.609,,Belgium
BEL,2020,1.575,,Belgium
BEL,2021,1.599,,Belgium
BEL,2022,1.547,,Belgium
BEL,2023,1.379,,Belgium
BGR,1960,2.309,,Bulgaria
BGR,1961,2.283,,Bulgaria
BGR,1962,2.232,,Bulgaria
BGR,1963,2.201,,Bulgaria
BGR,1964,2.175,,Bulgaria
BGR,1965,2.085,2.032,Bulgaria
BGR,1966,2.024,2.036,Bulgaria
BGR,1967,2.032,2.039,Bulgaria
BGR,1968,2.271,2.038,Bulgaria
BGR,1969,2.274,2.052,Bulgaria
BGR,1970,2.179,2.085,Bulgaria
BGR,1971,2.105,2.094,Bulgaria
BGR,1972,2.037,2.091,Bulgaria
BGR,1973,2.153,2.078,Bulgaria
BGR,1974,2.29,2.077,Bulgaria
BGR,1975,2.235,2.072,Bulgaria
BGR,1976,2.246,2.053,Bulgaria
BGR,1977,2.205,2.051,Bulgaria
BGR,1978,2.149,2.065,Bulgaria
BGR,1979,2.15,2.076,Bulgaria
BGR,1980,2.056,2.066,Bulgaria
BGR,1981,2.009,2.043,Bulgaria
BGR,1982,2.014,2.042,Bulgaria
BGR,1983,2.006,2.035,Bulgaria
BGR,1984,1.999,2.039,Bulgaria
BGR,1985,1.967,2.031,Bulgaria
BGR,1986,2.004,2.032,Bulgaria
BGR,1987,1.961,2.036,Bulgaria
BGR,1988,1.969,2.019,Bulgaria
BGR,1989,1.894,1.99,Bulgaria
BGR,1990,1.795,1.95,Bulgaria
BGR,1991,1.647,1.909,Bulgaria
BGR,1992,1.538,1.884,Bulgaria
BGR,1993,1.46,1.868,Bulgaria
BGR,1994,1.371,1.857,Bulgaria
BGR,1995,1.247,1.833,Bulgaria
BGR,1996,1.237,1.809,Bulgaria
BGR,1997,1.113,1.792,Bulgaria
BGR,1998,1.136,1.757,Bulgaria
BGR,1999,1.257,1.705,Bulgaria
BGR,2000,1.29,1.682,Bulgaria
BGR,2001,1.228,1.663,Bulgaria
BGR,2002,1.224,1.663,Bulgaria
BGR,2003,1.254,1.659,Bulgaria
BGR,2004,1.317,1.642,Bulgaria
BGR,2005,1.358,1.64,Bulgaria
BGR,2006,1.431,1.65,Bulgaria
BGR,2007,1.481,1.657,Bulgaria
BGR,2008,1.552,,Bulgaria
BGR,2009,1.642,,Bulgaria
BGR,2010,1.567,,Bulgaria
BGR,2011,1.505,,Bulgaria
BGR,2012,1.5,,Bulgaria
BGR,2013,1.482,,Bulgaria
BGR,2014,1.53,,Bulgaria
BGR,2015,1.528,,Bulgaria
BGR,2016,1.541,,Bulgaria
BGR,2017,1.557,,Bulgaria
BGR,2018,1.558,,Bulgaria
BGR,2019,1.58,,Bulgaria
BGR,2020,1.557,,Bulgaria
BGR,2021,1.586,,Bulgaria
BGR,2022,1.767,,Bulgaria
BGR,2023,1.749,,Bulgaria
BLR,1960,2.757,,Belarus
BLR,1961,2.673,,Belarus
BLR,1962,2.607,,Belarus
BLR,1963,2.479,,Belarus
BLR,1964,2.28,,Belarus
BLR,1965,2.229,,Belarus
BLR,1966,2.273,,Belarus
BLR,1967,2.245,,Belarus
BLR,1968,2.258,,Belarus
BLR,1969,2.232,,Belarus
BLR,1970,2.293,,Belarus
BLR,1971,2.313,,Belarus
BLR,1972,2.28,,Belarus
BLR,1973,2.206,,Belarus
BLR,1974,2.191,,Belarus
BLR,1975,2.133,,Belarus
BLR,1976,2.09,,Belarus
BLR,1977,2.061,,Belarus
BLR,1978,2.033,,Belarus
BLR,1979,1.996,1.968,Belarus
BLR,1980,1.983,1.938,Belarus
BLR,1981,1.989,1.964,Belarus
BLR,1982,1.99,1.928,Belarus
BLR,1983,2.134,1.886,Belarus
BLR,1984,2.078,1.915,Belarus
BLR,1985,2.041,1.931,Belarus
BLR,1986,2.126,1.926,Belarus
BLR,1987,2.055,1.924,Belarus
BLR,1988,2.07,1.921,Belarus
BLR,1989,1.978,1.891,Belarus
BLR,1990,1.86,1.873,Belarus
BLR,1991,1.752,1.857,Belarus
BLR,1992,1.704,1.815,Belarus
BLR,1993,1.577,1.736,Belarus
BLR,1994,1.486,1.684,Belarus
BLR,1995,1.369,1.689,Belarus
BLR,1996,1.307,1.7,Belarus
BLR,1997,1.223,1.713,Belarus
BLR,1998,1.268,1.709,Belarus
BLR,1999,1.263,1.694,Belarus
BLR,2000,1.272,1.665,Belarus
BLR,2001,1.241,1.618,Belarus
BLR,2002,1.202,1.585,Belarus
BLR,2003,1.192,1.575,Belarus
BLR,2004,1.196,1.574,Belarus
BLR,2005,1.221,,Belarus
BLR,2006,1.305,,Belarus
BLR,2007,1.394,,Belarus
BLR,2008,1.449,,Belarus
BLR,2009,1.481,,Belarus
BLR,2010,1.478,,Belarus
BLR,2011,1.524,,Belarus
BLR,2012,1.623,,Belarus
BLR,2013,1.673,,Belarus
BLR,2014,1.702,,Belarus
BLR,2015,1.728,,Belarus
BLR,2016,1.727,,Belarus
BLR,2017,1.55,,Belarus
BLR,2018,1.457,,Belarus
BLR,2019,1.389,,Belarus
BLR,2020,1.369,,Belarus
BLR,2021,1.371,,Belarus
BLR,2022,1.326,,Belarus
BLR,2023,1.208,,Belarus
CAN,1960,3.82,,Canada
CAN,1961,3.761,,Canada
CAN,1962,3.678,,Canada
CAN,1963,3.588,,Canada
CAN,1964,3.424,,Canada
CAN,1965,3.075,3.077,Canada
CAN,1966,2.752,2.987,Canada
CAN,1967,2.541,2.908,Canada
CAN,1968,2.408,2.833,Canada
CAN,1969,2.356,2.76,Canada
CAN,1970,2.267,2.664,Canada
CAN,1971,2.101,2.546,Canada
CAN,1972,1.937,2.451,Canada
CAN,1973,1.849,2.343,Canada
CAN,1974,1.806,2.198,Canada
CAN,1975,1.799,2.114,Canada
CAN,1976,1.754,2.133,Canada
CAN,1977,1.725,2.107,Canada
CAN,1978,1.68,2.025,Canada
CAN,1979,1.673,1.968,Canada
CAN,1980,1.658,1.927,Canada
CAN,1981,1.632,1.897,Canada
CAN,1982,1.619,1.882,Canada
CAN,1983,1.607,1.873,Canada
CAN,1984,1.609,1.863,Canada
CAN,1985,1.594,1.852,Canada
CAN,1986,1.576,1.844,Canada
CAN,1987,1.563,1.846,Canada
CAN,1988,1.587,1.846,Canada
CAN,1989,1.643,1.845,Canada
CAN,1990,1.696,1.833,Canada
CAN,1991,1.723,1.81,Canada
CAN,1992,1.719,1.804,Canada
CAN,1993,1.693,1.798,Canada
CAN,1994,1.693,1.779,Canada
CAN,1995,1.674,1.767,Canada
CAN,1996,1.63,1.772,Canada
CAN,1997,1.569,1.782,Canada
CAN,1998,1.553,1.786,Canada
CAN,1999,1.541,1.788,Canada
CAN,2000,1.51,1.784,Canada
CAN,2001,1.531,1.795,Canada
CAN,2002,1.513,1.808,Canada
CAN,2003,1.535,1.811,Canada
CAN,2004,1.545,1.828,Canada
CAN,2005,1.566,1.82,Canada
CAN,2006,1.612,1.812,Canada
CAN,2007,1.656,1.813,Canada
CAN,2008,1.684,1.801,Canada
CAN,2009,1.675,1.788,Canada
CAN,2010,1.642,,Canada
CAN,2011,1.627,,Canada
CAN,2012,1.627,,Canada
CAN,2013,1.612,,Canada
CAN,2014,1.614,,Canada
CAN,2015,1.601,,Canada
CAN,2016,1.59,,Canada
CAN,2017,1.548,,Canada
CAN,2018,1.51,,Canada
CAN,2019,1.476,,Canada
CAN,2020,1.413,,Canada
CAN,2021,1.43,,Canada
CAN,2022,1.366,,Canada
CAN,2023,1.349,,Canada
CHE,1960,2.441,,Switzerland
CHE,1961,2.517,,Switzerland
CHE,1962,2.58,,Switzerland
CHE,1963,2.646,,Switzerland
CHE,1964,2.653,,Switzerland
CHE,1965,2.587,2.173,Switzerland
CHE,1966,2.5,2.186,Switzerland
CHE,1967,2.394,2.167,Switzerland
CHE,1968,2.289,2.156,Switzerland
CHE,1969,2.191,2.123,Switzerland
CHE,1970,2.103,2.08,Switzerland
CHE,1971,2.035,2.033,Switzerland
CHE,1972,1.913,1.969,Switzerland
CHE,1973,1.81,1.923,Switzerland
CHE,1974,1.729,1.885,Switzerland
CHE,1975,1.614,1.855,Switzerland
CHE,1976,1.546,1.852,Switzerland
CHE,1977,1.528,1.823,Switzerland
CHE,1978,1.506,1.813,Switzerland
CHE,1979,1.519,1.808,Switzerland
CHE,1980,1.547,1.796,Switzerland
CHE,1981,1.543,1.77,Switzerland
CHE,1982,1.549,1.757,Switzerland
CHE,1983,1.518,1.758,Switzerland
CHE,1984,1.523,1.754,Switzerland
CHE,1985,1.513,1.751,Switzerland
CHE,1986,1.526,1.756,Switzerland
CHE,1987,1.516,1.742,Switzerland
CHE,1988,1.562,1.751,Switzerland
CHE,1989,1.563,1.774,Switzerland
CHE,1990,1.578,1.78,Switzerland
CHE,1991,1.582,1.767,Switzerland
CHE,1992,1.572,1.746,Switzerland
CHE,1993,1.51,1.721,Switzerland
CHE,1994,1.488,1.695,Switzerland
CHE,1995,1.478,1.672,Switzerland
CHE,1996,1.497,1.669,Switzerland
CHE,1997,1.477,1.658,Switzerland
CHE,1998,1.469,1.652,Switzerland
CHE,1999,1.48,1.657,Switzerland
CHE,2000,1.486,1.646,Switzerland
CHE,2001,1.388,1.638,Switzerland
CHE,2002,1.383,1.65,Switzerland
CHE,2003,1.382,1.65,Switzerland
CHE,2004,1.409,1.653,Switzerland
CHE,2005,1.416,1.66,Switzerland
CHE,2006,1.432,1.652,Switzerland
CHE,2007,1.452,1.644,Switzerland
CHE,2008,1.478,1.649,Switzerland
CHE,2009,1.492,1.638,Switzerland
CHE,2010,1.517,,Switzerland
CHE,2011,1.513,,Switzerland
CHE,2012,1.52,,Switzerland
CHE,2013,1.514,,Switzerland
CHE,2014,1.534,,Switzerland
CHE,2015,1.537,,Switzerland
CHE,2016,1.54,,Switzerland
CHE,2017,1.519,,Switzerland
CHE,2018,1.513,,Switzerland
CHE,2019,1.478,,Switzerland
CHE,2020,1.466,,Switzerland
CHE,2021,1.526,,Switzerland
CHE,2022,1.395,,Switzerland
CHE,2023,1.433,,Switzerland
CHL,1960,4.697,,Chile
CHL,1961,4.655,,Chile
CHL,1962,4.602,,Chile
CHL,1963,4.536,,Chile
CHL,1964,4.457,,Chile
CHL,1965,4.364,,Chile
CHL,1966,4.259,,Chile
CHL,1967,4.144,,Chile
CHL,1968,4.025,,Chile
CHL,1969,3.902,,Chile
CHL,1970,3.778,,Chile
CHL,1971,3.654,,Chile
CHL,1972,3.53,,Chile
CHL,1973,3.409,,Chile
CHL,1974,3.293,,Chile
CHL,1975,3.182,,Chile
CHL,1976,3.078,,Chile
CHL,1977,2.981,,Chile
CHL,1978,2.892,,Chile
CHL,1979,2.812,,Chile
CHL,1980,2.744,,Chile
CHL,1981,2.689,,Chile
CHL,1982,2.648,,Chile
CHL,1983,2.619,,Chile
CHL,1984,2.601,,Chile
CHL,1985,2.592,,Chile
CHL,1986,2.589,,Chile
CHL,1987,2.59,,Chile
CHL,1988,2.591,,Chile
CHL,1989,2.589,,Chile
CHL,1990,2.579,,Chile
CHL,1991,2.558,,Chile
CHL,1992,2.478,,Chile
CHL,1993,2.43,,Chile
CHL,1994,2.377,,Chile
CHL,1995,2.353,,Chile
CHL,1996,2.284,,Chile
CHL,1997,2.202,,Chile
CHL,1998,2.149,,Chile
CHL,1999,2.074,,Chile
CHL,2000,2.046,,Chile
CHL,2001,2.007,,Chile
CHL,2002,1.934,,Chile
CHL,2003,1.885,,Chile
CHL,2004,1.844,,Chile
CHL,2005,1.825,,Chile
CHL,2006,1.798,,Chile
CHL,2007,1.826,,Chile
CHL,2008,1.85,,Chile
CHL,2009,1.855,,Chile
CHL,2010,1.844,,Chile
CHL,2011,1.823,,Chile
CHL,2012,1.798,,Chile
CHL,2013,1.786,,Chile
CHL,2014,1.774,,Chile
CHL,2015,1.737,,Chile
CHL,2016,1.686,,Chile
CHL,2017,1.563,,Chile
CHL,2018,1.543,,Chile
CHL,2019,1.43,,Chile
CHL,2020,1.307,,Chile
CHL,2021,1.176,,Chile
CHL,2022,1.255,,Chile
CHL,2023,1.167,,Chile
CZE,1960,2.088,,Czechia
CZE,1961,2.107,,Czechia
CZE,1962,2.123,,Czechia
CZE,1963,2.308,,Czechia
CZE,1964,2.342,,Czechia
CZE,1965,2.187,2.113,Czechia
CZE,1966,2.031,2.092,Czechia
CZE,1967,1.916,2.105,Czechia
CZE,1968,1.848,2.091,Czechia
CZE,1969,1.882,2.09,Czechia
CZE,1970,1.92,2.102,Czechia
CZE,1971,1.989,2.064,Czechia
CZE,1972,2.092,2.04,Czechia
CZE,1973,2.305,2.066,Czechia
CZE,1974,2.457,2.046,Czechia
CZE,1975,2.43,2.022,Czechia
CZE,1976,2.388,2.065,Czechia
CZE,1977,2.34,2.086,Czechia
CZE,1978,2.326,2.087,Czechia
CZE,1979,2.269,2.098,Czechia
CZE,1980,2.076,2.108,Czechia
CZE,1981,1.994,2.107,Czechia
CZE,1982,1.995,2.1,Czechia
CZE,1983,1.967,2.086,Czechia
CZE,1984,1.965,2.08,Czechia
CZE,1985,1.949,2.076,Czechia
CZE,1986,1.919,2.077,Czechia
CZE,1987,1.903,2.069,Czechia
CZE,1988,1.928,2.051,Czechia
CZE,1989,1.868,2.04,Czechia
CZE,1990,1.885,2.033,Czechia
CZE,1991,1.841,2.023,Czechia
CZE,1992,1.708,2,Czechia
CZE,1993,1.652,1.977,Czechia
CZE,1994,1.436,1.967,Czechia
CZE,1995,1.275,1.955,Czechia
CZE,1996,1.185,1.931,Czechia
CZE,1997,1.171,1.913,Czechia
CZE,1998,1.156,1.9,Czechia
CZE,1999,1.136,1.905,Czechia
CZE,2000,1.146,1.881,Czechia
CZE,2001,1.146,1.874,Czechia
CZE,2002,1.167,1.837,Czechia
CZE,2003,1.176,1.821,Czechia
CZE,2004,1.225,1.819,Czechia
CZE,2005,1.281,1.772,Czechia
CZE,2006,1.333,1.76,Czechia
CZE,2007,1.441,1.737,Czechia
CZE,2008,1.508,,Czechia
CZE,2009,1.51,,Czechia
CZE,2010,1.509,,Czechia
CZE,2011,1.427,,Czechia
CZE,2012,1.447,,Czechia
CZE,2013,1.455,,Czechia
CZE,2014,1.526,,Czechia
CZE,2015,1.589,,Czechia
CZE,2016,1.652,,Czechia
CZE,2017,1.715,,Czechia
CZE,2018,1.744,,Czechia
CZE,2019,1.753,,Czechia
CZE,2020,1.763,,Czechia
CZE,2021,1.823,,Czechia
CZE,2022,1.618,,Czechia
CZE,2023,1.448,,Czechia
DNK,1960,2.561,,Denmark
DNK,1961,2.547,,Denmark
DNK,1962,2.549,,Denmark
DNK,1963,2.655,,Denmark
DNK,1964,2.601,,Denmark
DNK,1965,2.608,2.378,Denmark
DNK,1966,2.607,2.349,Denmark
DNK,1967,2.351,2.325,Denmark
DNK,1968,2.119,2.298,Denmark
DNK,1969,1.998,2.265,Denmark
DNK,1970,1.956,2.243,Denmark
DNK,1971,2.038,2.209,Denmark
DNK,1972,2.026,2.167,Denmark
DNK,1973,1.921,2.136,Denmark
DNK,1974,1.898,2.102,Denmark
DNK,1975,1.908,2.06,Denmark
DNK,1976,1.75,2.03,Denmark
DNK,1977,1.663,2.002,Denmark
DNK,1978,1.661,1.974,Denmark
DNK,1979,1.601,1.934,Denmark
DNK,1980,1.54,1.904,Denmark
DNK,1981,1.44,1.895,Denmark
DNK,1982,1.42,1.859,Denmark
DNK,1983,1.378,1.853,Denmark
DNK,1984,1.398,1.851,Denmark
DNK,1985,1.443,1.838,Denmark
DNK,1986,1.476,1.848,Denmark
DNK,1987,1.497,1.861,Denmark
DNK,1988,1.558,1.864,Denmark
DNK,1989,1.617,1.877,Denmark
DNK,1990,1.664,1.9,Denmark
DNK,1991,1.685,1.908,Denmark
DNK,1992,1.755,1.916,Denmark
DNK,1993,1.75,1.923,Denmark
DNK,1994,1.801,1.933,Denmark
DNK,1995,1.801,1.935,Denmark
DNK,1996,1.751,1.931,Denmark
DNK,1997,1.749,1.943,Denmark
DNK,1998,1.723,1.969,Denmark
DNK,1999,1.734,1.982,Denmark
DNK,2000,1.765,1.971,Denmark
DNK,2001,1.742,1.952,Denmark
DNK,2002,1.726,1.958,Denmark
DNK,2003,1.756,1.962,Denmark
DNK,2004,1.779,1.958,Denmark
DNK,2005,1.798,1.958,Denmark
DNK,2006,1.841,1.961,Denmark
DNK,2007,1.842,1.949,Denmark
DNK,2008,1.88,1.93,Denmark
DNK,2009,1.84,1.915,Denmark
DNK,2010,1.858,,Denmark
DNK,2011,1.754,,Denmark
DNK,2012,1.723,,Denmark
DNK,2013,1.67,,Denmark
DNK,2014,1.688,,Denmark
DNK,2015,1.712,,Denmark
DNK,2016,1.775,,Denmark
DNK,2017,1.749,,Denmark
DNK,2018,1.726,,Denmark
DNK,2019,1.698,,Denmark
DNK,2020,1.678,,Denmark
DNK,2021,1.73,,Denmark
DNK,2022,1.559,,Denmark
DNK,2023,1.511,,Denmark
ESP,1960,2.808,,Spain
ESP,1961,2.778,,Spain
ESP,1962,2.804,,Spain
ESP,1963,2.876,,Spain
ESP,1964,2.998,,Spain
ESP,1965,2.926,2.679,Spain
ESP,1966,2.913,2.669,Spain
ESP,1967,2.971,2.662,Spain
ESP,1968,2.923,2.649,Spain
ESP,1969,2.901,2.624,Spain
ESP,1970,2.884,2.59,Spain
ESP,1971,2.898,2.542,Spain
ESP,1972,2.869,2.508,Spain
ESP,1973,2.841,2.48,Spain
ESP,1974,2.871,2.447,Spain
ESP,1975,2.773,2.421,Spain
ESP,1976,2.764,2.376,Spain
ESP,1977,2.653,2.317,Spain
ESP,1978,2.539,2.28,Spain
ESP,1979,2.368,2.221,Spain
ESP,1980,2.212,2.151,Spain
ESP,1981,2.04,2.116,Spain
ESP,1982,1.936,2.086,Spain
ESP,1983,1.799,2.032,Spain
ESP,1984,1.722,1.974,Spain
ESP,1985,1.637,1.934,Spain
ESP,1986,1.554,1.905,Spain
ESP,1987,1.492,1.868,Spain
ESP,1988,1.444,1.823,Spain
ESP,1989,1.396,1.787,Spain
ESP,1990,1.358,1.751,Spain
ESP,1991,1.325,1.71,Spain
ESP,1992,1.306,1.68,Spain
ESP,1993,1.253,1.658,Spain
ESP,1994,1.19,1.638,Spain
ESP,1995,1.153,1.602,Spain
ESP,1996,1.139,1.574,Spain
ESP,1997,1.145,1.555,Spain
ESP,1998,1.131,1.527,Spain
ESP,1999,1.165,1.497,Spain
ESP,2000,1.21,1.476,Spain
ESP,2001,1.231,1.449,Spain
ESP,2002,1.251,1.42,Spain
ESP,2003,1.293,1.402,Spain
ESP,2004,1.313,1.384,Spain
ESP,2005,1.329,1.365,Spain
ESP,2006,1.36,1.357,Spain
ESP,2007,1.379,1.356,Spain
ESP,2008,1.436,1.353,Spain
ESP,2009,1.381,1.357,Spain
ESP,2010,1.366,,Spain
ESP,2011,1.34,,Spain
ESP,2012,1.318,,Spain
ESP,2013,1.277,,Spain
ESP,2014,1.315,,Spain
ESP,2015,1.33,,Spain
ESP,2016,1.332,,Spain
ESP,2017,1.305,,Spain
ESP,2018,1.26,,Spain
ESP,2019,1.23,,Spain
ESP,2020,1.186,,Spain
ESP,2021,1.188,,Spain
ESP,2022,1.205,,Spain
ESP,2023,1.213,,Spain
EST,1960,1.984,,Estonia
EST,1961,1.986,,Estonia
EST,1962,1.957,,Estonia
EST,1963,1.904,,Estonia
EST,1964,1.95,,Estonia
EST,1965,1.899,,Estonia
EST,1966,1.884,,Estonia
EST,1967,1.903,,Estonia
EST,1968,2.02,,Estonia
EST,1969,2.116,,Estonia
EST,1970,2.171,,Estonia
EST,1971,2.204,,Estonia
EST,1972,2.154,,Estonia
EST,1973,2.085,,Estonia
EST,1974,2.08,1.889,Estonia
EST,1975,2.044,1.873,Estonia
EST,1976,2.056,1.889,Estonia
EST,1977,2.055,1.91,Estonia
EST,1978,2.019,1.916,Estonia
EST,1979,2.008,1.988,Estonia
EST,1980,2.025,1.964,Estonia
EST,1981,2.078,2.002,Estonia
EST,1982,2.09,1.951,Estonia
EST,1983,2.168,1.963,Estonia
EST,1984,2.177,1.973,Estonia
EST,1985,2.127,1.97,Estonia
EST,1986,2.172,2.022,Estonia
EST,1987,2.261,2.027,Estonia
EST,1988,2.266,2.035,Estonia
EST,1989,2.209,2.06,Estonia
EST,1990,2.042,2.062,Estonia
EST,1991,1.802,1.994,Estonia
EST,1992,1.697,1.97,Estonia
EST,1993,1.486,1.912,Estonia
EST,1994,1.41,1.882,Estonia
EST,1995,1.372,1.907,Estonia
EST,1996,1.361,1.866,Estonia
EST,1997,1.306,1.874,Estonia
EST,1998,1.272,1.877,Estonia
EST,1999,1.293,1.86,Estonia
EST,2000,1.347,1.867,Estonia
EST,2001,1.315,1.84,Estonia
EST,2002,1.353,1.829,Estonia
EST,2003,1.365,1.861,Estonia
EST,2004,1.465,1.841,Estonia
EST,2005,1.515,1.856,Estonia
EST,2006,1.583,1.854,Estonia
EST,2007,1.685,1.867,Estonia
EST,2008,1.719,1.868,Estonia
EST,2009,1.701,1.879,Estonia
EST,2010,1.716,,Estonia
EST,2011,1.616,,Estonia
EST,2012,1.561,,Estonia
EST,2013,1.524,,Estonia
EST,2014,1.543,,Estonia
EST,2015,1.58,,Estonia
EST,2016,1.603,,Estonia
EST,2017,1.596,,Estonia
EST,2018,1.67,,Estonia
EST,2019,1.661,,Estonia
EST,2020,1.588,,Estonia
EST,2021,1.594,,Estonia
EST,2022,1.41,,Estonia
EST,2023,1.35,,Estonia
FIN,1960,2.719,,Finland
FIN,1961,2.711,,Finland
FIN,1962,2.68,,Finland
FIN,1963,2.675,,Finland
FIN,1964,2.589,,Finland
FIN,1965,2.475,2.299,Finland
FIN,1966,2.404,2.245,Finland
FIN,1967,2.316,2.175,Finland
FIN,1968,2.135,2.144,Finland
FIN,1969,1.93,2.108,Finland
FIN,1970,1.822,2.034,Finland
FIN,1971,1.685,1.973,Finland
FIN,1972,1.575,1.953,Finland
FIN,1973,1.501,1.921,Finland
FIN,1974,1.609,1.892,Finland
FIN,1975,1.678,1.881,Finland
FIN,1976,1.701,1.864,Finland
FIN,1977,1.678,1.863,Finland
FIN,1978,1.642,1.85,Finland
FIN,1979,1.634,1.859,Finland
FIN,1980,1.63,1.847,Finland
FIN,1981,1.645,1.864,Finland
FIN,1982,1.71,1.853,Finland
FIN,1983,1.73,1.859,Finland
FIN,1984,1.692,1.882,Finland
FIN,1985,1.64,1.896,Finland
FIN,1986,1.597,1.912,Finland
FIN,1987,1.592,1.934,Finland
FIN,1988,1.685,1.946,Finland
FIN,1989,1.708,1.947,Finland
FIN,1990,1.776,1.962,Finland
FIN,1991,1.794,1.952,Finland
FIN,1992,1.84,1.941,Finland
FIN,1993,1.815,1.943,Finland
FIN,1994,1.839,1.92,Finland
FIN,1995,1.805,1.925,Finland
FIN,1996,1.772,1.901,Finland
FIN,1997,1.742,1.89,Finland
FIN,1998,1.702,1.914,Finland
FIN,1999,1.729,1.904,Finland
FIN,2000,1.726,1.887,Finland
FIN,2001,1.722,1.893,Finland
FIN,2002,1.718,1.909,Finland
FIN,2003,1.756,1.898,Finland
FIN,2004,1.795,1.892,Finland
FIN,2005,1.801,1.91,Finland
FIN,2006,1.832,1.891,Finland
FIN,2007,1.828,1.891,Finland
FIN,2008,1.843,1.872,Finland
FIN,2009,1.86,1.849,Finland
FIN,2010,1.863,,Finland
FIN,2011,1.826,,Finland
FIN,2012,1.797,,Finland
FIN,2013,1.745,,Finland
FIN,2014,1.706,,Finland
FIN,2015,1.645,,Finland
FIN,2016,1.565,,Finland
FIN,2017,1.487,,Finland
FIN,2018,1.407,,Finland
FIN,2019,1.351,,Finland
FIN,2020,1.374,,Finland
FIN,2021,1.461,,Finland
FIN,2022,1.318,,Finland
FIN,2023,1.28,,Finland
HRV,1960,2.239,,Croatia
HRV,1961,2.219,,Croatia
HRV,1962,2.192,,Croatia
HRV,1963,2.145,,Croatia
HRV,1964,2.142,,Croatia
HRV,1965,2.224,,Croatia
HRV,1966,2.227,,Croatia
HRV,1967,2.102,,Croatia
HRV,1968,2.027,,Croatia
HRV,1969,1.951,,Croatia
HRV,1970,1.882,,Croatia
HRV,1971,1.974,,Croatia
HRV,1972,2.007,,Croatia
HRV,1973,2.013,,Croatia
HRV,1974,1.983,,Croatia
HRV,1975,1.951,,Croatia
HRV,1976,1.936,,Croatia
HRV,1977,1.947,,Croatia
HRV,1978,1.955,,Croatia
HRV,1979,1.947,,Croatia
HRV,1980,1.931,,Croatia
HRV,1981,1.926,,Croatia
HRV,1982,1.91,,Croatia
HRV,1983,1.891,,Croatia
HRV,1984,1.875,,Croatia
HRV,1985,1.828,,Croatia
HRV,1986,1.773,,Croatia
HRV,1987,1.745,,Croatia
HRV,1988,1.706,,Croatia
HRV,1989,1.648,,Croatia
HRV,1990,1.628,,Croatia
HRV,1991,1.543,,Croatia
HRV,1992,1.462,,Croatia
HRV,1993,1.508,,Croatia
HRV,1994,1.52,,Croatia
HRV,1995,1.579,,Croatia
HRV,1996,1.675,,Croatia
HRV,1997,1.685,,Croatia
HRV,1998,1.499,,Croatia
HRV,1999,1.438,,Croatia
HRV,2000,1.423,,Croatia
HRV,2001,1.458,,Croatia
HRV,2002,1.428,,Croatia
HRV,2003,1.412,,Croatia
HRV,2004,1.419,,Croatia
HRV,2005,1.506,,Croatia
HRV,2006,1.469,,Croatia
HRV,2007,1.487,,Croatia
HRV,2008,1.555,,Croatia
HRV,2009,1.588,,Croatia
HRV,2010,1.551,,Croatia
HRV,2011,1.485,,Croatia
HRV,2012,1.516,,Croatia
HRV,2013,1.461,,Croatia
HRV,2014,1.461,,Croatia
HRV,2015,1.403,,Croatia
HRV,2016,1.427,,Croatia
HRV,2017,1.423,,Croatia
HRV,2018,1.472,,Croatia
HRV,2019,1.47,,Croatia
HRV,2020,1.484,,Croatia
HRV,2021,1.624,,Croatia
HRV,2022,1.53,,Croatia
HRV,2023,1.468,,Croatia
HUN,1960,2.021,,Hungary
HUN,1961,1.937,,Hungary
HUN,1962,1.801,,Hungary
HUN,1963,1.82,,Hungary
HUN,1964,1.814,,Hungary
HUN,1965,1.82,1.973,Hungary
HUN,1966,1.89,1.985,Hungary
HUN,1967,2.013,1.978,Hungary
HUN,1968,2.067,1.949,Hungary
HUN,1969,2.041,1.932,Hungary
HUN,1970,1.98,1.923,Hungary
HUN,1971,1.931,1.931,Hungary
HUN,1972,1.931,1.898,Hungary
HUN,1973,1.952,1.918,Hungary
HUN,1974,2.284,1.918,Hungary
HUN,1975,2.363,1.906,Hungary
HUN,1976,2.251,1.914,Hungary
HUN,1977,2.164,1.928,Hungary
HUN,1978,2.077,1.946,Hungary
HUN,1979,2.018,1.974,Hungary
HUN,1980,1.92,1.955,Hungary
HUN,1981,1.877,1.971,Hungary
HUN,1982,1.796,1.956,Hungary
HUN,1983,1.745,1.933,Hungary
HUN,1984,1.757,1.938,Hungary
HUN,1985,1.847,1.95,Hungary
HUN,1986,1.846,1.974,Hungary
HUN,1987,1.829,2.02,Hungary
HUN,1988,1.816,2.015,Hungary
HUN,1989,1.819,2.026,Hungary
HUN,1990,1.857,2.024,Hungary
HUN,1991,1.863,2.04,Hungary
HUN,1992,1.77,2.041,Hungary
HUN,1993,1.686,2.019,Hungary
HUN,1994,1.64,2.005,Hungary
HUN,1995,1.568,1.995,Hungary
HUN,1996,1.458,1.979,Hungary
HUN,1997,1.377,1.96,Hungary
HUN,1998,1.326,1.926,Hungary
HUN,1999,1.29,1.906,Hungary
HUN,2000,1.32,1.867,Hungary
HUN,2001,1.312,1.848,Hungary
HUN,2002,1.303,1.792,Hungary
HUN,2003,1.275,1.785,Hungary
HUN,2004,1.281,1.725,Hungary
HUN,2005,1.312,1.685,Hungary
HUN,2006,1.341,1.661,Hungary
HUN,2007,1.322,,Hungary
HUN,2008,1.346,,Hungary
HUN,2009,1.321,,Hungary
HUN,2010,1.257,,Hungary
HUN,2011,1.25,,Hungary
HUN,2012,1.334,,Hungary
HUN,2013,1.35,,Hungary
HUN,2014,1.424,,Hungary
HUN,2015,1.446,,Hungary
HUN,2016,1.514,,Hungary
HUN,2017,1.524,,Hungary
HUN,2018,1.522,,Hungary
HUN,2019,1.531,,Hungary
HUN,2020,1.576,,Hungary
HUN,2021,1.605,,Hungary
HUN,2022,1.55,,Hungary
HUN,2023,1.486,,Hungary
IRL,1960,3.755,,Ireland
IRL,1961,3.784,,Ireland
IRL,1962,3.93,,Ireland
IRL,1963,4.027,,Ireland
IRL,1964,4.079,,Ireland
IRL,1965,4.04,,Ireland
IRL,1966,3.942,,Ireland
IRL,1967,3.843,,Ireland
IRL,1968,3.77,,Ireland
IRL,1969,3.824,,Ireland
IRL,1970,3.85,,Ireland
IRL,1971,3.934,,Ireland
IRL,1972,3.849,,Ireland
IRL,1973,3.713,,Ireland
IRL,1974,3.588,,Ireland
IRL,1975,3.372,,Ireland
IRL,1976,3.287,,Ireland
IRL,1977,3.242,,Ireland
IRL,1978,3.211,,Ireland
IRL,1979,3.214,,Ireland
IRL,1980,3.205,,Ireland
IRL,1981,3.059,,Ireland
IRL,1982,2.947,,Ireland
IRL,1983,2.749,,Ireland
IRL,1984,2.586,,Ireland
IRL,1985,2.492,2.666,Ireland
IRL,1986,2.441,2.577,Ireland
IRL,1987,2.315,2.535,Ireland
IRL,1988,2.173,2.487,Ireland
IRL,1989,2.081,2.446,Ireland
IRL,1990,2.11,2.414,Ireland
IRL,1991,2.077,2.346,Ireland
IRL,1992,1.991,2.309,Ireland
IRL,1993,1.904,2.283,Ireland
IRL,1994,1.848,2.241,Ireland
IRL,1995,1.843,2.207,Ireland
IRL,1996,1.883,2.173,Ireland
IRL,1997,1.932,2.175,Ireland
IRL,1998,1.941,2.174,Ireland
IRL,1999,1.903,2.147,Ireland
IRL,2000,1.893,2.116,Ireland
IRL,2001,1.94,2.1,Ireland
IRL,2002,1.971,2.103,Ireland
IRL,2003,1.96,2.095,Ireland
IRL,2004,1.93,2.077,Ireland
IRL,2005,1.865,2.053,Ireland
IRL,2006,1.915,2.04,Ireland
IRL,2007,2.011,2.029,Ireland
IRL,2008,2.065,2.016,Ireland
IRL,2009,2.063,,Ireland
IRL,2010,2.056,,Ireland
IRL,2011,2.033,,Ireland
IRL,2012,1.99,,Ireland
IRL,2013,1.934,,Ireland
IRL,2014,1.9,,Ireland
IRL,2015,1.861,,Ireland
IRL,2016,1.816,,Ireland
IRL,2017,1.772,,Ireland
IRL,2018,1.761,,Ireland
IRL,2019,1.718,,Ireland
IRL,2020,1.653,,Ireland
IRL,2021,1.777,,Ireland
IRL,2022,1.594,,Ireland
IRL,2023,1.598,,Ireland
ISL,1960,4.259,,Iceland
ISL,1961,3.913,,Iceland
ISL,1962,3.979,,Iceland
ISL,1963,3.984,,Iceland
ISL,1964,3.87,,Iceland
ISL,1965,3.72,,Iceland
ISL,1966,3.578,,Iceland
ISL,1967,3.282,,Iceland
ISL,1968,3.063,,Iceland
ISL,1969,2.984,,Iceland
ISL,1970,2.815,,Iceland
ISL,1971,2.917,,Iceland
ISL,1972,3.085,,Iceland
ISL,1973,2.941,,Iceland
ISL,1974,2.661,,Iceland
ISL,1975,2.64,2.775,Iceland
ISL,1976,2.522,2.794,Iceland
ISL,1977,2.32,2.784,Iceland
ISL,1978,2.352,2.764,Iceland
ISL,1979,2.487,2.72,Iceland
ISL,1980,2.478,2.696,Iceland
ISL,1981,2.337,2.665,Iceland
ISL,1982,2.272,2.603,Iceland
ISL,1983,2.246,2.547,Iceland
ISL,1984,2.083,2.568,Iceland
ISL,1985,1.942,2.522,Iceland
ISL,1986,1.935,2.508,Iceland
ISL,1987,2.069,2.516,Iceland
ISL,1988,2.258,2.509,Iceland
ISL,1989,2.208,2.503,Iceland
ISL,1990,2.302,2.523,Iceland
ISL,1991,2.196,2.48,Iceland
ISL,1992,2.214,2.413,Iceland
ISL,1993,2.221,2.43,Iceland
ISL,1994,2.144,2.384,Iceland
ISL,1995,2.083,2.34,Iceland
ISL,1996,2.111,2.331,Iceland
ISL,1997,2.04,2.309,Iceland
ISL,1998,2.043,2.274,Iceland
ISL,1999,1.997,2.252,Iceland
ISL,2000,2.071,2.286,Iceland
ISL,2001,1.955,2.303,Iceland
ISL,2002,1.936,2.279,Iceland
ISL,2003,1.991,2.238,Iceland
ISL,2004,2.037,2.255,Iceland
ISL,2005,2.046,2.211,Iceland
ISL,2006,2.075,2.223,Iceland
ISL,2007,2.089,2.189,Iceland
ISL,2008,2.156,2.249,Iceland
ISL,2009,2.227,2.22,Iceland
ISL,2010,2.192,,Iceland
ISL,2011,2.023,,Iceland
ISL,2012,2.034,,Iceland
ISL,2013,1.938,,Iceland
ISL,2014,1.928,,Iceland
ISL,2015,1.809,,Iceland
ISL,2016,1.744,,Iceland
ISL,2017,1.711,,Iceland
ISL,2018,1.71,,Iceland
ISL,2019,1.744,,Iceland
ISL,2020,1.718,,Iceland
ISL,2021,1.818,,Iceland
ISL,2022,1.589,,Iceland
ISL,2023,1.54,,Iceland
ITA,1960,2.384,,Italy
ITA,1961,2.42,,Italy
ITA,1962,2.451,,Italy
ITA,1963,2.52,,Italy
ITA,1964,2.662,,Italy
ITA,1965,2.617,,Italy
ITA,1966,2.588,,Italy
ITA,1967,2.509,,Italy
ITA,1968,2.49,,Italy
ITA,1969,2.47,2.214,Italy
ITA,1970,2.396,2.19,Italy
ITA,1971,2.398,2.153,Italy
ITA,1972,2.351,2.151,Italy
ITA,1973,2.315,2.142,Italy
ITA,1974,2.292,2.091,Italy
ITA,1975,2.177,2.08,Italy
ITA,1976,2.056,2.082,Italy
ITA,1977,1.939,2.025,Italy
ITA,1978,1.841,1.967,Italy
ITA,1979,1.733,1.937,Italy
ITA,1980,1.647,1.92,Italy
ITA,1981,1.582,1.895,Italy
ITA,1982,1.561,1.878,Italy
ITA,1983,1.506,1.865,Italy
ITA,1984,1.458,1.851,Italy
ITA,1985,1.416,1.826,Italy
ITA,1986,1.351,1.798,Italy
ITA,1987,1.33,1.77,Italy
ITA,1988,1.355,1.742,Italy
ITA,1989,1.328,1.72,Italy
ITA,1990,1.331,1.695,Italy
ITA,1991,1.303,1.658,Italy
ITA,1992,1.296,1.632,Italy
ITA,1993,1.249,1.607,Italy
ITA,1994,1.208,1.575,Italy
ITA,1995,1.188,1.549,Italy
ITA,1996,1.197,1.535,Italy
ITA,1997,1.21,1.528,Italy
ITA,1998,1.21,1.508,Italy
ITA,1999,1.228,1.494,Italy
ITA,2000,1.249,1.487,Italy
ITA,2001,1.247,1.477,Italy
ITA,2002,1.264,1.466,Italy
ITA,2003,1.285,1.451,Italy
ITA,2004,1.337,1.437,Italy
ITA,2005,1.332,1.428,Italy
ITA,2006,1.364,1.43,Italy
ITA,2007,1.393,1.429,Italy
ITA,2008,1.435,1.421,Italy
ITA,2009,1.439,,Italy
ITA,2010,1.443,,Italy
ITA,2011,1.427,,Italy
ITA,2012,1.416,,Italy
ITA,2013,1.38,,Italy
ITA,2014,1.364,,Italy
ITA,2015,1.344,,Italy
ITA,2016,1.336,,Italy
ITA,2017,1.317,,Italy
ITA,2018,1.286,,Italy
ITA,2019,1.259,,Italy
ITA,2020,1.242,,Italy
ITA,2021,1.252,,Italy
ITA,2022,1.24,,Italy
ITA,2023,1.198,,Italy
JPN,1960,1.981,,Japan
JPN,1961,1.928,,Japan
JPN,1962,1.928,,Japan
JPN,1963,1.951,,Japan
JPN,1964,1.998,,Japan
JPN,1965,2.089,2.049,Japan
JPN,1966,1.632,2.044,Japan
JPN,1967,2.158,2.054,Japan
JPN,1968,2.065,2.024,Japan
JPN,1969,2.026,2.021,Japan
JPN,1970,2.035,2.061,Japan
JPN,1971,2.089,2.063,Japan
JPN,1972,2.114,2.041,Japan
JPN,1973,2.145,2.044,Japan
JPN,1974,2.065,2.029,Japan
JPN,1975,1.921,1.969,Japan
JPN,1976,1.841,1.956,Japan
JPN,1977,1.789,1.986,Japan
JPN,1978,1.786,1.993,Japan
JPN,1979,1.769,1.995,Japan
JPN,1980,1.739,1.971,Japan
JPN,1981,1.718,1.964,Japan
JPN,1982,1.738,1.985,Japan
JPN,1983,1.77,1.99,Japan
JPN,1984,1.78,1.985,Japan
JPN,1985,1.736,1.979,Japan
JPN,1986,1.698,1.948,Japan
JPN,1987,1.666,1.92,Japan
JPN,1988,1.625,1.91,Japan
JPN,1989,1.547,1.872,Japan
JPN,1990,1.509,1.827,Japan
JPN,1991,1.504,1.786,Japan
JPN,1992,1.478,1.744,Japan
JPN,1993,1.44,1.699,Japan
JPN,1994,1.468,1.689,Japan
JPN,1995,1.407,1.626,Japan
JPN,1996,1.403,1.527,Japan
JPN,1997,1.376,1.544,Japan
JPN,1998,1.371,1.538,Japan
JPN,1999,1.34,1.487,Japan
JPN,2000,1.346,1.47,Japan
JPN,2001,1.325,1.455,Japan
JPN,2002,1.308,1.445,Japan
JPN,2003,1.285,1.443,Japan
JPN,2004,1.277,1.438,Japan
JPN,2005,1.245,1.432,Japan
JPN,2006,1.285,1.439,Japan
JPN,2007,1.305,1.455,Japan
JPN,2008,1.33,1.471,Japan
JPN,2009,1.333,1.479,Japan
JPN,2010,1.357,,Japan
JPN,2011,1.363,,Japan
JPN,2012,1.376,,Japan
JPN,2013,1.389,,Japan
JPN,2014,1.388,,Japan
JPN,2015,1.415,,Japan
JPN,2016,1.408,,Japan
JPN,2017,1.39,,Japan
JPN,2018,1.373,,Japan
JPN,2019,1.323,,Japan
JPN,2020,1.304,,Japan
JPN,2021,1.275,,Japan
JPN,2022,1.256,,Japan
JPN,2023,1.208,,Japan
KOR,1960,5.994,,South Korea
KOR,1961,5.803,,South Korea
KOR,1962,5.562,,South Korea
KOR,1963,5.334,,South Korea
KOR,1964,5.068,,South Korea
KOR,1965,4.887,,South Korea
KOR,1966,4.782,,South Korea
KOR,1967,4.615,,South Korea
KOR,1968,4.51,,South Korea
KOR,1969,4.447,,South Korea
KOR,1970,4.459,,South Korea
KOR,1971,4.259,,South Korea
KOR,1972,4.02,,South Korea
KOR,1973,3.803,,South Korea
KOR,1974,3.555,,South Korea
KOR,1975,3.313,,South Korea
KOR,1976,3.119,,South Korea
KOR,1977,2.954,,South Korea
KOR,1978,2.699,,South Korea
KOR,1979,2.748,,South Korea
KOR,1980,2.734,,South Korea
KOR,1981,2.669,,South Korea
KOR,1982,2.431,,South Korea
KOR,1983,2.102,,South Korea
KOR,1984,1.832,,South Korea
KOR,1985,1.705,,South Korea
KOR,1986,1.623,,South Korea
KOR,1987,1.571,,South Korea
KOR,1988,1.558,,South Korea
KOR,1989,1.564,,South Korea
KOR,1990,1.603,,South Korea
KOR,1991,1.702,,South Korea
KOR,1992,1.738,,South Korea
KOR,1993,1.683,,South Korea
KOR,1994,1.67,,South Korea
KOR,1995,1.646,,South Korea
KOR,1996,1.599,,South Korea
KOR,1997,1.555,,South Korea
KOR,1998,1.497,,South Korea
KOR,1999,1.469,,South Korea
KOR,2000,1.467,,South Korea
KOR,2001,1.342,,South Korea
KOR,2002,1.227,,South Korea
KOR,2003,1.199,,South Korea
KOR,2004,1.164,,South Korea
KOR,2005,1.115,,South Korea
KOR,2006,1.145,,South Korea
KOR,2007,1.215,,South Korea
KOR,2008,1.19,,South Korea
KOR,2009,1.178,,South Korea
KOR,2010,1.226,,South Korea
KOR,2011,1.258,,South Korea
KOR,2012,1.274,,South Korea
KOR,2013,1.206,,South Korea
KOR,2014,1.197,,South Korea
KOR,2015,1.202,,South Korea
KOR,2016,1.14,,South Korea
KOR,2017,1.035,,South Korea
KOR,2018,0.951,,South Korea
KOR,2019,0.881,,South Korea
KOR,2020,.8120000000000001,,South Korea
KOR,2021,0.783,,South Korea
KOR,2022,0.78,,South Korea
KOR,2023,0.72,,South Korea
LTU,1960,2.622,,Lithuania
LTU,1961,2.613,,Lithuania
LTU,1962,2.471,,Lithuania
LTU,1963,2.35,,Lithuania
LTU,1964,2.304,,Lithuania
LTU,1965,2.234,,Lithuania
LTU,1966,2.265,,Lithuania
LTU,1967,2.268,,Lithuania
LTU,1968,2.309,,Lithuania
LTU,1969,2.328,,Lithuania
LTU,1970,2.396,,Lithuania
LTU,1971,2.414,,Lithuania
LTU,1972,2.346,,Lithuania
LTU,1973,2.224,,Lithuania
LTU,1974,2.206,1.991,Lithuania
LTU,1975,2.175,1.978,Lithuania
LTU,1976,2.167,1.989,Lithuania
LTU,1977,2.13,1.995,Lithuania
LTU,1978,2.081,2.035,Lithuania
LTU,1979,2.045,2.058,Lithuania
LTU,1980,1.999,2.01,Lithuania
LTU,1981,1.989,1.999,Lithuania
LTU,1982,1.984,1.971,Lithuania
LTU,1983,2.116,1.93,Lithuania
LTU,1984,2.09,1.951,Lithuania
LTU,1985,2.097,1.95,Lithuania
LTU,1986,2.131,1.954,Lithuania
LTU,1987,2.11,1.993,Lithuania
LTU,1988,2.014,1.949,Lithuania
LTU,1989,1.986,1.929,Lithuania
LTU,1990,2.031,1.911,Lithuania
LTU,1991,2.013,1.824,Lithuania
LTU,1992,1.97,1.755,Lithuania
LTU,1993,1.741,1.736,Lithuania
LTU,1994,1.577,1.722,Lithuania
LTU,1995,1.552,1.734,Lithuania
LTU,1996,1.495,1.731,Lithuania
LTU,1997,1.468,1.731,Lithuania
LTU,1998,1.458,1.754,Lithuania
LTU,1999,1.456,1.767,Lithuania
LTU,2000,1.383,1.742,Lithuania
LTU,2001,1.281,1.728,Lithuania
LTU,2002,1.231,1.698,Lithuania
LTU,2003,1.26,1.699,Lithuania
LTU,2004,1.271,1.726,Lithuania
LTU,2005,1.291,1.741,Lithuania
LTU,2006,1.322,1.771,Lithuania
LTU,2007,1.359,,Lithuania
LTU,2008,1.444,,Lithuania
LTU,2009,1.499,,Lithuania
LTU,2010,1.499,,Lithuania
LTU,2011,1.548,,Lithuania
LTU,2012,1.591,,Lithuania
LTU,2013,1.583,,Lithuania
LTU,2014,1.628,,Lithuania
LTU,2015,1.705,,Lithuania
LTU,2016,1.692,,Lithuania
LTU,2017,1.633,,Lithuania
LTU,2018,1.635,,Lithuania
LTU,2019,1.61,,Lithuania
LTU,2020,1.487,,Lithuania
LTU,2021,1.359,,Lithuania
LTU,2022,1.27,,Lithuania
LTU,2023,1.201,,Lithuania
NLD,1960,3.118,,Netherlands
NLD,1961,3.207,,Netherlands
NLD,1962,3.17,,Netherlands
NLD,1963,3.183,,Netherlands
NLD,1964,3.153,,Netherlands
NLD,1965,3.03,2.499,Netherlands
NLD,1966,2.896,2.432,Netherlands
NLD,1967,2.799,2.407,Netherlands
NLD,1968,2.707,2.317,Netherlands
NLD,1969,2.737,2.267,Netherlands
NLD,1970,2.573,2.214,Netherlands
NLD,1971,2.366,2.184,Netherlands
NLD,1972,2.152,2.124,Netherlands
NLD,1973,1.909,2.081,Netherlands
NLD,1974,1.774,2.047,Netherlands
NLD,1975,1.666,1.997,Netherlands
NLD,1976,1.629,1.947,Netherlands
NLD,1977,1.583,1.919,Netherlands
NLD,1978,1.582,1.917,Netherlands
NLD,1979,1.565,1.89,Netherlands
NLD,1980,1.596,1.9,Netherlands
NLD,1981,1.558,1.875,Netherlands
NLD,1982,1.494,1.875,Netherlands
NLD,1983,1.467,1.869,Netherlands
NLD,1984,1.488,1.876,Netherlands
NLD,1985,1.509,1.868,Netherlands
NLD,1986,1.548,1.874,Netherlands
NLD,1987,1.556,1.871,Netherlands
NLD,1988,1.545,1.867,Netherlands
NLD,1989,1.556,1.853,Netherlands
NLD,1990,1.614,1.863,Netherlands
NLD,1991,1.61,1.83,Netherlands
NLD,1992,1.588,1.831,Netherlands
NLD,1993,1.573,1.809,Netherlands
NLD,1994,1.569,1.794,Netherlands
NLD,1995,1.534,1.785,Netherlands
NLD,1996,1.53,1.777,Netherlands
NLD,1997,1.564,1.769,Netherlands
NLD,1998,1.628,1.768,Netherlands
NLD,1999,1.656,1.756,Netherlands
NLD,2000,1.721,1.758,Netherlands
NLD,2001,1.712,1.753,Netherlands
NLD,2002,1.729,1.765,Netherlands
NLD,2003,1.742,1.768,Netherlands
NLD,2004,1.722,1.778,Netherlands
NLD,2005,1.706,1.782,Netherlands
NLD,2006,1.715,1.782,Netherlands
NLD,2007,1.714,1.8,Netherlands
NLD,2008,1.764,1.786,Netherlands
NLD,2009,1.783,1.792,Netherlands
NLD,2010,1.787,,Netherlands
NLD,2011,1.752,,Netherlands
NLD,2012,1.716,,Netherlands
NLD,2013,1.677,,Netherlands
NLD,2014,1.704,,Netherlands
NLD,2015,1.657,,Netherlands
NLD,2016,1.658,,Netherlands
NLD,2017,1.617,,Netherlands
NLD,2018,1.585,,Netherlands
NLD,2019,1.572,,Netherlands
NLD,2020,1.545,,Netherlands
NLD,2021,1.624,,Netherlands
NLD,2022,1.514,,Netherlands
NLD,2023,1.43,,Netherlands
NOR,1960,2.847,,Norway
NOR,1961,2.915,,Norway
NOR,1962,2.894,,Norway
NOR,1963,2.905,,Norway
NOR,1964,2.962,,Norway
NOR,1965,2.925,,Norway
NOR,1966,2.891,,Norway
NOR,1967,2.786,,Norway
NOR,1968,2.751,,Norway
NOR,1969,2.697,,Norway
NOR,1970,2.512,,Norway
NOR,1971,2.494,,Norway
NOR,1972,2.39,,Norway
NOR,1973,2.234,,Norway
NOR,1974,2.134,,Norway
NOR,1975,1.986,,Norway
NOR,1976,1.867,,Norway
NOR,1977,1.759,,Norway
NOR,1978,1.771,,Norway
NOR,1979,1.751,,Norway
NOR,1980,1.722,,Norway
NOR,1981,1.701,,Norway
NOR,1982,1.706,2.062,Norway
NOR,1983,1.656,2.041,Norway
NOR,1984,1.657,2.048,Norway
NOR,1985,1.675,2.051,Norway
NOR,1986,1.707,2.054,Norway
NOR,1987,1.744,2.062,Norway
NOR,1988,1.841,2.07,Norway
NOR,1989,1.887,2.08,Norway
NOR,1990,1.932,2.092,Norway
NOR,1991,1.92,2.088,Norway
NOR,1992,1.888,2.092,Norway
NOR,1993,1.865,2.084,Norway
NOR,1994,1.869,2.081,Norway
NOR,1995,1.873,2.074,Norway
NOR,1996,1.892,2.075,Norway
NOR,1997,1.86,2.071,Norway
NOR,1998,1.82,2.079,Norway
NOR,1999,1.849,2.067,Norway
NOR,2000,1.854,2.062,Norway
NOR,2001,1.788,2.047,Norway
NOR,2002,1.757,2.043,Norway
NOR,2003,1.798,2.04,Norway
NOR,2004,1.828,2.024,Norway
NOR,2005,1.835,2.02,Norway
NOR,2006,1.899,2.019,Norway
NOR,2007,1.897,2.011,Norway
NOR,2008,1.951,1.982,Norway
NOR,2009,1.974,1.967,Norway
NOR,2010,1.941,,Norway
NOR,2011,1.876,,Norway
NOR,2012,1.847,,Norway
NOR,2013,1.779,,Norway
NOR,2014,1.754,,Norway
NOR,2015,1.728,,Norway
NOR,2016,1.705,,Norway
NOR,2017,1.624,,Norway
NOR,2018,1.566,,Norway
NOR,2019,1.533,,Norway
NOR,2020,1.482,,Norway
NOR,2021,1.56,,Norway
NOR,2022,1.415,,Norway
NOR,2023,1.405,,Norway
POL,1960,3.004,,Poland
POL,1961,2.86,,Poland
POL,1962,2.744,,Poland
POL,1963,2.7,,Poland
POL,1964,2.603,,Poland
POL,1965,2.537,,Poland
POL,1966,2.447,,Poland
POL,1967,2.349,,Poland
POL,1968,2.296,,Poland
POL,1969,2.259,,Poland
POL,1970,2.254,,Poland
POL,1971,2.251,,Poland
POL,1972,2.238,,Poland
POL,1973,2.252,,Poland
POL,1974,2.265,,Poland
POL,1975,2.282,,Poland
POL,1976,2.313,,Poland
POL,1977,2.252,,Poland
POL,1978,2.232,,Poland
POL,1979,2.277,,Poland
POL,1980,2.277,,Poland
POL,1981,2.246,,Poland
POL,1982,2.34,,Poland
POL,1983,2.416,,Poland
POL,1984,2.377,,Poland
POL,1985,2.323,,Poland
POL,1986,2.218,2.181,Poland
POL,1987,2.157,2.197,Poland
POL,1988,2.142,2.203,Poland
POL,1989,2.098,2.212,Poland
POL,1990,2.065,2.17,Poland
POL,1991,2.067,2.145,Poland
POL,1992,1.956,2.109,Poland
POL,1993,1.87,2.072,Poland
POL,1994,1.801,2.05,Poland
POL,1995,1.634,2.03,Poland
POL,1996,1.587,2.001,Poland
POL,1997,1.516,1.967,Poland
POL,1998,1.439,1.916,Poland
POL,1999,1.377,1.891,Poland
POL,2000,1.366,1.818,Poland
POL,2001,1.315,1.768,Poland
POL,2002,1.252,1.709,Poland
POL,2003,1.225,1.672,Poland
POL,2004,1.228,1.641,Poland
POL,2005,1.244,1.599,Poland
POL,2006,1.269,1.573,Poland
POL,2007,1.311,1.544,Poland
POL,2008,1.386,1.515,Poland
POL,2009,1.402,1.48,Poland
POL,2010,1.407,,Poland
POL,2011,1.338,,Poland
POL,2012,1.329,,Poland
POL,2013,1.292,,Poland
POL,2014,1.317,,Poland
POL,2015,1.323,,Poland
POL,2016,1.389,,Poland
POL,2017,1.472,,Poland
POL,2018,1.443,,Poland
POL,2019,1.436,,Poland
POL,2020,1.384,,Poland
POL,2021,1.322,,Poland
POL,2022,1.261,,Poland
POL,2023,1.299,,Poland
PRT,1960,3.16,,Portugal
PRT,1961,3.205,,Portugal
PRT,1962,3.233,,Portugal
PRT,1963,3.135,,Portugal
PRT,1964,3.215,,Portugal
PRT,1965,3.159,2.876,Portugal
PRT,1966,3.164,2.864,Portugal
PRT,1967,3.157,2.847,Portugal
PRT,1968,3.123,2.856,Portugal
PRT,1969,3.114,2.801,Portugal
PRT,1970,3.008,2.663,Portugal
PRT,1971,2.995,2.606,Portugal
PRT,1972,2.857,2.548,Portugal
PRT,1973,2.765,2.527,Portugal
PRT,1974,2.695,2.495,Portugal
PRT,1975,2.75,2.405,Portugal
PRT,1976,2.807,2.35,Portugal
PRT,1977,2.682,2.256,Portugal
PRT,1978,2.45,2.204,Portugal
PRT,1979,2.315,2.129,Portugal
PRT,1980,2.245,2.093,Portugal
PRT,1981,2.131,2.07,Portugal
PRT,1982,2.07,2.055,Portugal
PRT,1983,1.955,2.035,Portugal
PRT,1984,1.895,2.027,Portugal
PRT,1985,1.729,2.039,Portugal
PRT,1986,1.663,2.033,Portugal
PRT,1987,1.62,1.989,Portugal
PRT,1988,1.608,1.989,Portugal
PRT,1989,1.572,1.947,Portugal
PRT,1990,1.555,1.909,Portugal
PRT,1991,1.557,1.884,Portugal
PRT,1992,1.536,1.897,Portugal
PRT,1993,1.513,1.849,Portugal
PRT,1994,1.445,1.839,Portugal
PRT,1995,1.411,1.838,Portugal
PRT,1996,1.441,1.819,Portugal
PRT,1997,1.469,1.803,Portugal
PRT,1998,1.473,1.757,Portugal
PRT,1999,1.502,1.725,Portugal
PRT,2000,1.538,1.692,Portugal
PRT,2001,1.455,1.665,Portugal
PRT,2002,1.46,1.656,Portugal
PRT,2003,1.437,1.636,Portugal
PRT,2004,1.405,1.598,Portugal
PRT,2005,1.408,1.596,Portugal
PRT,2006,1.372,1.591,Portugal
PRT,2007,1.352,1.592,Portugal
PRT,2008,1.383,1.577,Portugal
PRT,2009,1.349,1.572,Portugal
PRT,2010,1.381,,Portugal
PRT,2011,1.343,,Portugal
PRT,2012,1.277,,Portugal
PRT,2013,1.213,,Portugal
PRT,2014,1.23,,Portugal
PRT,2015,1.302,,Portugal
PRT,2016,1.356,,Portugal
PRT,2017,1.377,,Portugal
PRT,2018,1.411,,Portugal
PRT,2019,1.421,,Portugal
PRT,2020,1.405,,Portugal
PRT,2021,1.328,,Portugal
PRT,2022,1.453,,Portugal
PRT,2023,1.508,,Portugal
RUS,1960,2.633,,Russia
RUS,1961,2.52,,Russia
RUS,1962,2.362,,Russia
RUS,1963,2.285,,Russia
RUS,1964,2.176,,Russia
RUS,1965,2.113,,Russia
RUS,1966,2.105,,Russia
RUS,1967,2.023,,Russia
RUS,1968,1.98,,Russia
RUS,1969,1.988,,Russia
RUS,1970,2.007,,Russia
RUS,1971,2.048,,Russia
RUS,1972,2.068,,Russia
RUS,1973,2.01,,Russia
RUS,1974,2.027,1.815,Russia
RUS,1975,2.002,1.781,Russia
RUS,1976,1.993,1.836,Russia
RUS,1977,1.978,1.766,Russia
RUS,1978,1.953,1.784,Russia
RUS,1979,1.92,1.89,Russia
RUS,1980,1.916,1.854,Russia
RUS,1981,1.941,1.889,Russia
RUS,1982,2.022,1.876,Russia
RUS,1983,2.135,1.862,Russia
RUS,1984,2.099,1.887,Russia
RUS,1985,2.094,1.854,Russia
RUS,1986,2.205,1.845,Russia
RUS,1987,2.249,1.874,Russia
RUS,1988,2.159,1.863,Russia
RUS,1989,2.034,1.86,Russia
RUS,1990,1.91,1.849,Russia
RUS,1991,1.751,1.801,Russia
RUS,1992,1.566,1.753,Russia
RUS,1993,1.393,1.724,Russia
RUS,1994,1.398,1.698,Russia
RUS,1995,1.352,1.68,Russia
RUS,1996,1.289,1.66,Russia
RUS,1997,1.243,1.638,Russia
RUS,1998,1.242,1.631,Russia
RUS,1999,1.183,1.619,Russia
RUS,2000,1.19,1.603,Russia
RUS,2001,1.221,1.596,Russia
RUS,2002,1.287,1.579,Russia
RUS,2003,1.334,1.589,Russia
RUS,2004,1.345,1.61,Russia
RUS,2005,1.299,,Russia
RUS,2006,1.315,,Russia
RUS,2007,1.428,,Russia
RUS,2008,1.517,,Russia
RUS,2009,1.559,,Russia
RUS,2010,1.585,,Russia
RUS,2011,1.601,,Russia
RUS,2012,1.708,,Russia
RUS,2013,1.725,,Russia
RUS,2014,1.766,,Russia
RUS,2015,1.79,,Russia
RUS,2016,1.773,,Russia
RUS,2017,1.627,,Russia
RUS,2018,1.581,,Russia
RUS,2019,1.504,,Russia
RUS,2020,1.505,,Russia
RUS,2021,1.505,,Russia
RUS,2022,1.452,,Russia
RUS,2023,1.449,,Russia
SVK,1960,3.024,,Slovakia
SVK,1961,2.958,,Slovakia
SVK,1962,2.833,,Slovakia
SVK,1963,2.915,,Slovakia
SVK,1964,2.888,,Slovakia
SVK,1965,2.782,2.708,Slovakia
SVK,1966,2.661,2.668,Slovakia
SVK,1967,2.487,2.669,Slovakia
SVK,1968,2.394,2.638,Slovakia
SVK,1969,2.435,2.608,Slovakia
SVK,1970,2.415,2.541,Slovakia
SVK,1971,2.425,2.485,Slovakia
SVK,1972,2.483,2.452,Slovakia
SVK,1973,2.557,2.457,Slovakia
SVK,1974,2.606,2.422,Slovakia
SVK,1975,2.544,2.357,Slovakia
SVK,1976,2.538,2.376,Slovakia
SVK,1977,2.486,2.378,Slovakia
SVK,1978,2.471,2.356,Slovakia
SVK,1979,2.447,2.328,Slovakia
SVK,1980,2.323,2.303,Slovakia
SVK,1981,2.283,2.28,Slovakia
SVK,1982,2.277,2.275,Slovakia
SVK,1983,2.279,2.241,Slovakia
SVK,1984,2.258,2.232,Slovakia
SVK,1985,2.251,2.226,Slovakia
SVK,1986,2.193,2.214,Slovakia
SVK,1987,2.137,2.207,Slovakia
SVK,1988,2.131,2.193,Slovakia
SVK,1989,2.067,2.184,Slovakia
SVK,1990,2.076,2.174,Slovakia
SVK,1991,2.034,2.169,Slovakia
SVK,1992,1.925,2.146,Slovakia
SVK,1993,1.859,2.115,Slovakia
SVK,1994,1.666,2.084,Slovakia
SVK,1995,1.523,2.045,Slovakia
SVK,1996,1.469,2.036,Slovakia
SVK,1997,1.428,2.019,Slovakia
SVK,1998,1.376,1.996,Slovakia
SVK,1999,1.331,1.961,Slovakia
SVK,2000,1.293,1.932,Slovakia
SVK,2001,1.202,,Slovakia
SVK,2002,1.185,,Slovakia
SVK,2003,1.204,,Slovakia
SVK,2004,1.246,,Slovakia
SVK,2005,1.262,,Slovakia
SVK,2006,1.254,,Slovakia
SVK,2007,1.27,,Slovakia
SVK,2008,1.342,,Slovakia
SVK,2009,1.433,,Slovakia
SVK,2010,1.43,,Slovakia
SVK,2011,1.445,,Slovakia
SVK,2012,1.394,,Slovakia
SVK,2013,1.396,,Slovakia
SVK,2014,1.422,,Slovakia
SVK,2015,1.403,,Slovakia
SVK,2016,1.478,,Slovakia
SVK,2017,1.521,,Slovakia
SVK,2018,1.545,,Slovakia
SVK,2019,1.566,,Slovakia
SVK,2020,1.591,,Slovakia
SVK,2021,1.631,,Slovakia
SVK,2022,1.56,,Slovakia
SVK,2023,1.56,,Slovakia
SVN,1960,2.186,,Slovenia
SVN,1961,2.268,,Slovenia
SVN,1962,2.278,,Slovenia
SVN,1963,2.302,,Slovenia
SVN,1964,2.323,,Slovenia
SVN,1965,2.445,,Slovenia
SVN,1966,2.475,,Slovenia
SVN,1967,2.379,,Slovenia
SVN,1968,2.259,,Slovenia
SVN,1969,2.177,,Slovenia
SVN,1970,2.114,,Slovenia
SVN,1971,2.158,,Slovenia
SVN,1972,2.166,,Slovenia
SVN,1973,2.201,,Slovenia
SVN,1974,2.116,,Slovenia
SVN,1975,2.172,,Slovenia
SVN,1976,2.199,,Slovenia
SVN,1977,2.166,,Slovenia
SVN,1978,2.195,,Slovenia
SVN,1979,2.21,,Slovenia
SVN,1980,2.105,,Slovenia
SVN,1981,1.96,,Slovenia
SVN,1982,1.928,,Slovenia
SVN,1983,1.812,,Slovenia
SVN,1984,1.747,,Slovenia
SVN,1985,1.719,,Slovenia
SVN,1986,1.672,,Slovenia
SVN,1987,1.652,,Slovenia
SVN,1988,1.63,,Slovenia
SVN,1989,1.525,,Slovenia
SVN,1990,1.462,,Slovenia
SVN,1991,1.422,,Slovenia
SVN,1992,1.334,,Slovenia
SVN,1993,1.329,,Slovenia
SVN,1994,1.315,,Slovenia
SVN,1995,1.288,,Slovenia
SVN,1996,1.279,,Slovenia
SVN,1997,1.247,,Slovenia
SVN,1998,1.231,1.74,Slovenia
SVN,1999,1.212,1.732,Slovenia
SVN,2000,1.253,1.721,Slovenia
SVN,2001,1.208,1.701,Slovenia
SVN,2002,1.21,1.693,Slovenia
SVN,2003,1.203,1.682,Slovenia
SVN,2004,1.248,1.657,Slovenia
SVN,2005,1.263,1.686,Slovenia
SVN,2006,1.317,,Slovenia
SVN,2007,1.386,,Slovenia
SVN,2008,1.529,,Slovenia
SVN,2009,1.538,,Slovenia
SVN,2010,1.579,,Slovenia
SVN,2011,1.57,,Slovenia
SVN,2012,1.587,,Slovenia
SVN,2013,1.553,,Slovenia
SVN,2014,1.581,,Slovenia
SVN,2015,1.576,,Slovenia
SVN,2016,1.587,,Slovenia
SVN,2017,1.622,,Slovenia
SVN,2018,1.606,,Slovenia
SVN,2019,1.611,,Slovenia
SVN,2020,1.594,,Slovenia
SVN,2021,1.64,,Slovenia
SVN,2022,1.568,,Slovenia
SVN,2023,1.576,,Slovenia
SWE,1960,2.17,,Sweden
SWE,1961,2.202,,Sweden
SWE,1962,2.236,,Sweden
SWE,1963,2.315,,Sweden
SWE,1964,2.448,,Sweden
SWE,1965,2.401,2.14,Sweden
SWE,1966,2.356,2.114,Sweden
SWE,1967,2.266,2.106,Sweden
SWE,1968,2.074,2.084,Sweden
SWE,1969,1.931,2.061,Sweden
SWE,1970,1.921,2.052,Sweden
SWE,1971,1.957,2.031,Sweden
SWE,1972,1.91,1.998,Sweden
SWE,1973,1.868,1.987,Sweden
SWE,1974,1.867,1.989,Sweden
SWE,1975,1.767,1.972,Sweden
SWE,1976,1.682,1.989,Sweden
SWE,1977,1.64,2,Sweden
SWE,1978,1.601,1.993,Sweden
SWE,1979,1.65,2.003,Sweden
SWE,1980,1.672,2.009,Sweden
SWE,1981,1.633,2.001,Sweden
SWE,1982,1.618,2.01,Sweden
SWE,1983,1.613,2.025,Sweden
SWE,1984,1.655,2.024,Sweden
SWE,1985,1.734,2.035,Sweden
SWE,1986,1.795,2.042,Sweden
SWE,1987,1.844,2.053,Sweden
SWE,1988,1.956,2.057,Sweden
SWE,1989,2.015,2.048,Sweden
SWE,1990,2.121,2.058,Sweden
SWE,1991,2.109,2.03,Sweden
SWE,1992,2.078,2.036,Sweden
SWE,1993,1.987,2.028,Sweden
SWE,1994,1.878,2.014,Sweden
SWE,1995,1.73,2.014,Sweden
SWE,1996,1.6,2.005,Sweden
SWE,1997,1.527,1.997,Sweden
SWE,1998,1.506,1.997,Sweden
SWE,1999,1.501,1.993,Sweden
SWE,2000,1.542,1.999,Sweden
SWE,2001,1.569,1.977,Sweden
SWE,2002,1.648,1.976,Sweden
SWE,2003,1.712,1.96,Sweden
SWE,2004,1.751,1.965,Sweden
SWE,2005,1.772,1.955,Sweden
SWE,2006,1.848,1.945,Sweden
SWE,2007,1.877,1.947,Sweden
SWE,2008,1.905,1.937,Sweden
SWE,2009,1.932,1.922,Sweden
SWE,2010,1.973,,Sweden
SWE,2011,1.902,,Sweden
SWE,2012,1.9,,Sweden
SWE,2013,1.885,,Sweden
SWE,2014,1.876,,Sweden
SWE,2015,1.847,,Sweden
SWE,2016,1.846,,Sweden
SWE,2017,1.785,,Sweden
SWE,2018,1.754,,Sweden
SWE,2019,1.709,,Sweden
SWE,2020,1.671,,Sweden
SWE,2021,1.668,,Sweden
SWE,2022,1.538,,Sweden
SWE,2023,1.43,,Sweden
TWN,1960,5.787,,Taiwan
TWN,1961,5.666,,Taiwan
TWN,1962,5.535,,Taiwan
TWN,1963,5.387,,Taiwan
TWN,1964,5.202,,Taiwan
TWN,1965,4.994,,Taiwan
TWN,1966,4.778,,Taiwan
TWN,1967,4.534,,Taiwan
TWN,1968,4.37,,Taiwan
TWN,1969,4.184,,Taiwan
TWN,1970,3.976,,Taiwan
TWN,1971,3.723,,Taiwan
TWN,1972,3.436,,Taiwan
TWN,1973,3.249,,Taiwan
TWN,1974,3.089,,Taiwan
TWN,1975,2.973,,Taiwan
TWN,1976,3.004,,Taiwan
TWN,1977,2.738,,Taiwan
TWN,1978,2.68,,Taiwan
TWN,1979,2.645,,Taiwan
TWN,1980,2.53,,Taiwan
TWN,1981,2.453,,Taiwan
TWN,1982,2.327,,Taiwan
TWN,1983,2.179,,Taiwan
TWN,1984,2.046,,Taiwan
TWN,1985,1.884,,Taiwan
TWN,1986,1.72,,Taiwan
TWN,1987,1.715,,Taiwan
TWN,1988,1.803,,Taiwan
TWN,1989,1.743,,Taiwan
TWN,1990,1.787,,Taiwan
TWN,1991,1.746,2.175,Taiwan
TWN,1992,1.744,2.14,Taiwan
TWN,1993,1.767,2.075,Taiwan
TWN,1994,1.771,2.015,Taiwan
TWN,1995,1.782,1.956,Taiwan
TWN,1996,1.779,1.905,Taiwan
TWN,1997,1.736,1.874,Taiwan
TWN,1998,1.541,1.82,Taiwan
TWN,1999,1.533,1.764,Taiwan
TWN,2000,1.472,1.724,Taiwan
TWN,2001,1.404,1.68,Taiwan
TWN,2002,1.327,1.649,Taiwan
TWN,2003,1.248,1.617,Taiwan
TWN,2004,1.185,1.59,Taiwan
TWN,2005,1.133,1.541,Taiwan
TWN,2006,1.118,1.519,Taiwan
TWN,2007,1.102,1.496,Taiwan
TWN,2008,1.062,1.451,Taiwan
TWN,2009,1.005,1.432,Taiwan
TWN,2010,0.916,,Taiwan
TWN,2011,1.059,,Taiwan
TWN,2012,1.188,,Taiwan
TWN,2013,1.13,,Taiwan
TWN,2014,1.162,,Taiwan
TWN,2015,1.185,,Taiwan
TWN,2016,1.171,,Taiwan
TWN,2017,1.121,,Taiwan
TWN,2018,1.075,,Taiwan
TWN,2019,1.045,,Taiwan
TWN,2020,0.99,,Taiwan
TWN,2021,0.975,,Taiwan
TWN,2022,0.87,,Taiwan
TWN,2023,0.87,,Taiwan
UKR,1960,2.285,,Ukraine
UKR,1961,2.197,,Ukraine
UKR,1962,2.154,,Ukraine
UKR,1963,2.111,,Ukraine
UKR,1964,2.014,,Ukraine
UKR,1965,1.943,,Ukraine
UKR,1966,2.037,,Ukraine
UKR,1967,2.04,,Ukraine
UKR,1968,2.031,,Ukraine
UKR,1969,2.012,,Ukraine
UKR,1970,2.078,,Ukraine
UKR,1971,2.113,,Ukraine
UKR,1972,2.127,,Ukraine
UKR,1973,2.044,,Ukraine
UKR,1974,2.064,1.839,Ukraine
UKR,1975,2.049,1.831,Ukraine
UKR,1976,2.044,1.856,Ukraine
UKR,1977,1.983,1.867,Ukraine
UKR,1978,1.969,1.886,Ukraine
UKR,1979,1.957,1.916,Ukraine
UKR,1980,1.949,1.901,Ukraine
UKR,1981,1.915,1.911,Ukraine
UKR,1982,1.951,1.883,Ukraine
UKR,1983,2.099,1.848,Ukraine
UKR,1984,2.081,1.839,Ukraine
UKR,1985,2.033,1.831,Ukraine
UKR,1986,2.117,1.824,Ukraine
UKR,1987,2.07,1.842,Ukraine
UKR,1988,2.042,1.862,Ukraine
UKR,1989,1.927,1.857,Ukraine
UKR,1990,1.845,1.834,Ukraine
UKR,1991,1.773,1.806,Ukraine
UKR,1992,1.674,1.774,Ukraine
UKR,1993,1.564,1.739,Ukraine
UKR,1994,1.471,1.7,Ukraine
UKR,1995,1.399,1.678,Ukraine
UKR,1996,1.333,1.673,Ukraine
UKR,1997,1.271,1.623,Ukraine
UKR,1998,1.206,1.599,Ukraine
UKR,1999,1.127,1.596,Ukraine
UKR,2000,1.108,,Ukraine
UKR,2001,1.092,,Ukraine
UKR,2002,1.127,,Ukraine
UKR,2003,1.173,,Ukraine
UKR,2004,1.215,,Ukraine
UKR,2005,1.221,,Ukraine
UKR,2006,1.297,,Ukraine
UKR,2007,1.343,,Ukraine
UKR,2008,1.444,,Ukraine
UKR,2009,1.47,,Ukraine
UKR,2010,1.436,,Ukraine
UKR,2011,1.464,,Ukraine
UKR,2012,1.528,,Ukraine
UKR,2013,1.515,,Ukraine
UKR,2014,1.466,,Ukraine
UKR,2015,1.387,,Ukraine
UKR,2016,1.391,,Ukraine
UKR,2017,1.3,,Ukraine
UKR,2018,1.233,,Ukraine
UKR,2019,1.218,,Ukraine
UKR,2020,1.208,,Ukraine
UKR,2021,1.148,,Ukraine
UKR,2022,0.897,,Ukraine
UKR,2023,0.977,,Ukraine
USA,1960,3.732,,United States
USA,1961,3.691,,United States
USA,1962,3.533,,United States
USA,1963,3.39,,United States
USA,1964,3.258,,United States
USA,1965,2.983,3.214,United States
USA,1966,2.769,3.131,United States
USA,1967,2.605,3.059,United States
USA,1968,2.508,2.983,United States
USA,1969,2.504,2.892,United States
USA,1970,2.515,2.795,United States
USA,1971,2.318,2.68,United States
USA,1972,2.057,2.561,United States
USA,1973,1.921,2.464,United States
USA,1974,1.872,2.365,United States
USA,1975,1.815,2.292,United States
USA,1976,1.785,2.215,United States
USA,1977,1.826,2.15,United States
USA,1978,1.804,2.104,United States
USA,1979,1.843,2.057,United States
USA,1980,1.861,2.022,United States
USA,1981,1.847,1.998,United States
USA,1982,1.855,1.982,United States
USA,1983,1.827,1.972,United States
USA,1984,1.827,1.974,United States
USA,1985,1.854,1.981,United States
USA,1986,1.852,1.985,United States
USA,1987,1.885,1.987,United States
USA,1988,1.942,1.991,United States
USA,1989,2.014,2.012,United States
USA,1990,2.072,2.024,United States
USA,1991,2.059,2.024,United States
USA,1992,2.039,2.034,United States
USA,1993,2.01,2.051,United States
USA,1994,1.988,2.066,United States
USA,1995,1.965,2.075,United States
USA,1996,1.96,2.089,United States
USA,1997,1.956,2.109,United States
USA,1998,1.98,2.111,United States
USA,1999,1.99,2.114,United States
USA,2000,2.03,2.137,United States
USA,2001,2.011,2.16,United States
USA,2002,2.003,2.183,United States
USA,2003,2.025,2.203,United States
USA,2004,2.031,2.216,United States
USA,2005,2.04,2.221,United States
USA,2006,2.087,2.228,United States
USA,2007,2.096,2.231,United States
USA,2008,2.053,2.206,United States
USA,2009,1.987,2.176,United States
USA,2010,1.916,,United States
USA,2011,1.879,,United States
USA,2012,1.862,,United States
USA,2013,1.84,,United States
USA,2014,1.848,,United States
USA,2015,1.832,,United States
USA,2016,1.804,,United States
USA,2017,1.753,,United States
USA,2018,1.715,,United States
USA,2019,1.684,,United States
USA,2020,1.616,,United States
USA,2021,1.634,,United States
USA,2022,1.665,,United States
USA,2023,1.624,,United States
