ISO3Alphacode,CCFLowest,CCFLatest
AUT,1.61,1.624
AUT,1.61,1.624
AUT,1.61,1.624
AUT,1.61,1.624
AUT,1.61,1.624
AUT,1.61,1.624
AUT,1.61,1.624
AUT,1.61,1.624
AUT,1.61,1.624
AUT,1.61,1.624
AUT,1.61,1.624
AUT,1.61,1.624
AUT,1.61,1.624
AUT,1.61,1.624
AUT,1.61,1.624
AUT,1.61,1.624
AUT,1.61,1.624
AUT,1.61,1.624
AUT,1.61,1.624
AUT,1.61,1.624
AUT,1.61,1.624
AUT,1.61,1.624
AUT,1.61,1.624
AUT,1.61,1.624
AUT,1.61,1.624
AUT,1.61,1.624
AUT,1.61,1.624
AUT,1.61,1.624
AUT,1.61,1.624
AUT,1.61,1.624
AUT,1.61,1.624
AUT,1.61,1.624
AUT,1.61,1.624
AUT,1.61,1.624
AUT,1.61,1.624
AUT,1.61,1.624
AUT,1.61,1.624
AUT,1.61,1.624
AUT,1.61,1.624
AUT,1.61,1.624
AUT,1.61,1.624
AUT,1.61,1.624
AUT,1.61,1.624
AUT,1.61,1.624
AUT,1.61,1.624
BEL,1.8150001,1.888
BEL,1.8150001,1.888
BEL,1.8150001,1.888
BEL,1.8150001,1.888
BEL,1.8150001,1.888
BEL,1.8150001,1.888
BEL,1.8150001,1.888
BEL,1.8150001,1.888
BEL,1.8150001,1.888
BEL,1.8150001,1.888
BEL,1.8150001,1.888
BEL,1.8150001,1.888
BEL,1.8150001,1.888
BEL,1.8150001,1.888
BEL,1.8150001,1.888
BEL,1.8150001,1.888
BEL,1.8150001,1.888
BEL,1.8150001,1.888
BEL,1.8150001,1.888
BEL,1.8150001,1.888
BEL,1.8150001,1.888
BEL,1.8150001,1.888
BEL,1.8150001,1.888
BEL,1.8150001,1.888
BEL,1.8150001,1.888
BEL,1.8150001,1.888
BEL,1.8150001,1.888
BEL,1.8150001,1.888
BEL,1.8150001,1.888
BEL,1.8150001,1.888
BEL,1.8150001,1.888
BEL,1.8150001,1.888
BEL,1.8150001,1.888
BEL,1.8150001,1.888
BEL,1.8150001,1.888
BEL,1.8150001,1.888
BEL,1.8150001,1.888
BEL,1.8150001,1.888
BEL,1.8150001,1.888
BEL,1.8150001,1.888
BEL,1.8150001,1.888
BEL,1.8150001,1.888
BEL,1.8150001,1.888
BEL,1.8150001,1.888
BEL,1.8150001,1.888
BGR,1.64,1.6569999
BGR,1.64,1.6569999
BGR,1.64,1.6569999
BGR,1.64,1.6569999
BGR,1.64,1.6569999
BGR,1.64,1.6569999
BGR,1.64,1.6569999
BGR,1.64,1.6569999
BGR,1.64,1.6569999
BGR,1.64,1.6569999
BGR,1.64,1.6569999
BGR,1.64,1.6569999
BGR,1.64,1.6569999
BGR,1.64,1.6569999
BGR,1.64,1.6569999
BGR,1.64,1.6569999
BGR,1.64,1.6569999
BGR,1.64,1.6569999
BGR,1.64,1.6569999
BGR,1.64,1.6569999
BGR,1.64,1.6569999
BGR,1.64,1.6569999
BGR,1.64,1.6569999
BGR,1.64,1.6569999
BGR,1.64,1.6569999
BGR,1.64,1.6569999
BGR,1.64,1.6569999
BGR,1.64,1.6569999
BGR,1.64,1.6569999
BGR,1.64,1.6569999
BGR,1.64,1.6569999
BGR,1.64,1.6569999
BGR,1.64,1.6569999
BGR,1.64,1.6569999
BGR,1.64,1.6569999
BGR,1.64,1.6569999
BGR,1.64,1.6569999
BGR,1.64,1.6569999
BGR,1.64,1.6569999
BGR,1.64,1.6569999
BGR,1.64,1.6569999
BGR,1.64,1.6569999
BGR,1.64,1.6569999
BGR,1.64,1.6569999
BGR,1.64,1.6569999
BLR,1.574,1.574
BLR,1.574,1.574
BLR,1.574,1.574
BLR,1.574,1.574
BLR,1.574,1.574
BLR,1.574,1.574
BLR,1.574,1.574
BLR,1.574,1.574
BLR,1.574,1.574
BLR,1.574,1.574
BLR,1.574,1.574
BLR,1.574,1.574
BLR,1.574,1.574
BLR,1.574,1.574
BLR,1.574,1.574
BLR,1.574,1.574
BLR,1.574,1.574
BLR,1.574,1.574
BLR,1.574,1.574
BLR,1.574,1.574
BLR,1.574,1.574
BLR,1.574,1.574
BLR,1.574,1.574
BLR,1.574,1.574
BLR,1.574,1.574
BLR,1.574,1.574
BLR,1.574,1.574
BLR,1.574,1.574
BLR,1.574,1.574
BLR,1.574,1.574
BLR,1.574,1.574
BLR,1.574,1.574
BLR,1.574,1.574
BLR,1.574,1.574
BLR,1.574,1.574
BLR,1.574,1.574
BLR,1.574,1.574
BLR,1.574,1.574
BLR,1.574,1.574
BLR,1.574,1.574
BLR,1.574,1.574
BLR,1.574,1.574
BLR,1.574,1.574
BLR,1.574,1.574
BLR,1.574,1.574
CAN,1.767,1.788
CAN,1.767,1.788
CAN,1.767,1.788
CAN,1.767,1.788
CAN,1.767,1.788
CAN,1.767,1.788
CAN,1.767,1.788
CAN,1.767,1.788
CAN,1.767,1.788
CAN,1.767,1.788
CAN,1.767,1.788
CAN,1.767,1.788
CAN,1.767,1.788
CAN,1.767,1.788
CAN,1.767,1.788
CAN,1.767,1.788
CAN,1.767,1.788
CAN,1.767,1.788
CAN,1.767,1.788
CAN,1.767,1.788
CAN,1.767,1.788
CAN,1.767,1.788
CAN,1.767,1.788
CAN,1.767,1.788
CAN,1.767,1.788
CAN,1.767,1.788
CAN,1.767,1.788
CAN,1.767,1.788
CAN,1.767,1.788
CAN,1.767,1.788
CAN,1.767,1.788
CAN,1.767,1.788
CAN,1.767,1.788
CAN,1.767,1.788
CAN,1.767,1.788
CAN,1.767,1.788
CAN,1.767,1.788
CAN,1.767,1.788
CAN,1.767,1.788
CAN,1.767,1.788
CAN,1.767,1.788
CAN,1.767,1.788
CAN,1.767,1.788
CAN,1.767,1.788
CAN,1.767,1.788
CHE,1.638,1.638
CHE,1.638,1.638
CHE,1.638,1.638
CHE,1.638,1.638
CHE,1.638,1.638
CHE,1.638,1.638
CHE,1.638,1.638
CHE,1.638,1.638
CHE,1.638,1.638
CHE,1.638,1.638
CHE,1.638,1.638
CHE,1.638,1.638
CHE,1.638,1.638
CHE,1.638,1.638
CHE,1.638,1.638
CHE,1.638,1.638
CHE,1.638,1.638
CHE,1.638,1.638
CHE,1.638,1.638
CHE,1.638,1.638
CHE,1.638,1.638
CHE,1.638,1.638
CHE,1.638,1.638
CHE,1.638,1.638
CHE,1.638,1.638
CHE,1.638,1.638
CHE,1.638,1.638
CHE,1.638,1.638
CHE,1.638,1.638
CHE,1.638,1.638
CHE,1.638,1.638
CHE,1.638,1.638
CHE,1.638,1.638
CHE,1.638,1.638
CHE,1.638,1.638
CHE,1.638,1.638
CHE,1.638,1.638
CHE,1.638,1.638
CHE,1.638,1.638
CHE,1.638,1.638
CHE,1.638,1.638
CHE,1.638,1.638
CHE,1.638,1.638
CHE,1.638,1.638
CHE,1.638,1.638
CZE,1.737,1.737
CZE,1.737,1.737
CZE,1.737,1.737
CZE,1.737,1.737
CZE,1.737,1.737
CZE,1.737,1.737
CZE,1.737,1.737
CZE,1.737,1.737
CZE,1.737,1.737
CZE,1.737,1.737
CZE,1.737,1.737
CZE,1.737,1.737
CZE,1.737,1.737
CZE,1.737,1.737
CZE,1.737,1.737
CZE,1.737,1.737
CZE,1.737,1.737
CZE,1.737,1.737
CZE,1.737,1.737
CZE,1.737,1.737
CZE,1.737,1.737
CZE,1.737,1.737
CZE,1.737,1.737
CZE,1.737,1.737
CZE,1.737,1.737
CZE,1.737,1.737
CZE,1.737,1.737
CZE,1.737,1.737
CZE,1.737,1.737
CZE,1.737,1.737
CZE,1.737,1.737
CZE,1.737,1.737
CZE,1.737,1.737
CZE,1.737,1.737
CZE,1.737,1.737
CZE,1.737,1.737
CZE,1.737,1.737
CZE,1.737,1.737
CZE,1.737,1.737
CZE,1.737,1.737
CZE,1.737,1.737
CZE,1.737,1.737
CZE,1.737,1.737
CZE,1.737,1.737
CZE,1.737,1.737
DEU,1.503,1.5779999
DEU,1.503,1.5779999
DEU,1.503,1.5779999
DEU,1.503,1.5779999
DEU,1.503,1.5779999
DEU,1.503,1.5779999
DEU,1.503,1.5779999
DEU,1.503,1.5779999
DEU,1.503,1.5779999
DEU,1.503,1.5779999
DEU,1.503,1.5779999
DEU,1.503,1.5779999
DEU,1.503,1.5779999
DEU,1.503,1.5779999
DEU,1.503,1.5779999
DEU,1.503,1.5779999
DEU,1.503,1.5779999
DEU,1.503,1.5779999
DEU,1.503,1.5779999
DEU,1.503,1.5779999
DEU,1.503,1.5779999
DEU,1.503,1.5779999
DEU,1.503,1.5779999
DEU,1.503,1.5779999
DEU,1.503,1.5779999
DEU,1.503,1.5779999
DEU,1.503,1.5779999
DEU,1.503,1.5779999
DEU,1.503,1.5779999
DEU,1.503,1.5779999
DEU,1.503,1.5779999
DEU,1.503,1.5779999
DEU,1.503,1.5779999
DEU,1.503,1.5779999
DEU,1.503,1.5779999
DEU,1.503,1.5779999
DEU,1.503,1.5779999
DEU,1.503,1.5779999
DEU,1.503,1.5779999
DEU,1.503,1.5779999
DEU,1.503,1.5779999
DEU,1.503,1.5779999
DEU,1.503,1.5779999
DEU,1.503,1.5779999
DEU,1.503,1.5779999
DNK,1.8380001,1.915
DNK,1.8380001,1.915
DNK,1.8380001,1.915
DNK,1.8380001,1.915
DNK,1.8380001,1.915
DNK,1.8380001,1.915
DNK,1.8380001,1.915
DNK,1.8380001,1.915
DNK,1.8380001,1.915
DNK,1.8380001,1.915
DNK,1.8380001,1.915
DNK,1.8380001,1.915
DNK,1.8380001,1.915
DNK,1.8380001,1.915
DNK,1.8380001,1.915
DNK,1.8380001,1.915
DNK,1.8380001,1.915
DNK,1.8380001,1.915
DNK,1.8380001,1.915
DNK,1.8380001,1.915
DNK,1.8380001,1.915
DNK,1.8380001,1.915
DNK,1.8380001,1.915
DNK,1.8380001,1.915
DNK,1.8380001,1.915
DNK,1.8380001,1.915
DNK,1.8380001,1.915
DNK,1.8380001,1.915
DNK,1.8380001,1.915
DNK,1.8380001,1.915
DNK,1.8380001,1.915
DNK,1.8380001,1.915
DNK,1.8380001,1.915
DNK,1.8380001,1.915
DNK,1.8380001,1.915
DNK,1.8380001,1.915
DNK,1.8380001,1.915
DNK,1.8380001,1.915
DNK,1.8380001,1.915
DNK,1.8380001,1.915
DNK,1.8380001,1.915
DNK,1.8380001,1.915
DNK,1.8380001,1.915
DNK,1.8380001,1.915
DNK,1.8380001,1.915
ESP,1.353,1.357
ESP,1.353,1.357
ESP,1.353,1.357
ESP,1.353,1.357
ESP,1.353,1.357
ESP,1.353,1.357
ESP,1.353,1.357
ESP,1.353,1.357
ESP,1.353,1.357
ESP,1.353,1.357
ESP,1.353,1.357
ESP,1.353,1.357
ESP,1.353,1.357
ESP,1.353,1.357
ESP,1.353,1.357
ESP,1.353,1.357
ESP,1.353,1.357
ESP,1.353,1.357
ESP,1.353,1.357
ESP,1.353,1.357
ESP,1.353,1.357
ESP,1.353,1.357
ESP,1.353,1.357
ESP,1.353,1.357
ESP,1.353,1.357
ESP,1.353,1.357
ESP,1.353,1.357
ESP,1.353,1.357
ESP,1.353,1.357
ESP,1.353,1.357
ESP,1.353,1.357
ESP,1.353,1.357
ESP,1.353,1.357
ESP,1.353,1.357
ESP,1.353,1.357
ESP,1.353,1.357
ESP,1.353,1.357
ESP,1.353,1.357
ESP,1.353,1.357
ESP,1.353,1.357
ESP,1.353,1.357
ESP,1.353,1.357
ESP,1.353,1.357
ESP,1.353,1.357
ESP,1.353,1.357
EST,1.829,1.8789999
EST,1.829,1.8789999
EST,1.829,1.8789999
EST,1.829,1.8789999
EST,1.829,1.8789999
EST,1.829,1.8789999
EST,1.829,1.8789999
EST,1.829,1.8789999
EST,1.829,1.8789999
EST,1.829,1.8789999
EST,1.829,1.8789999
EST,1.829,1.8789999
EST,1.829,1.8789999
EST,1.829,1.8789999
EST,1.829,1.8789999
EST,1.829,1.8789999
EST,1.829,1.8789999
EST,1.829,1.8789999
EST,1.829,1.8789999
EST,1.829,1.8789999
EST,1.829,1.8789999
EST,1.829,1.8789999
EST,1.829,1.8789999
EST,1.829,1.8789999
EST,1.829,1.8789999
EST,1.829,1.8789999
EST,1.829,1.8789999
EST,1.829,1.8789999
EST,1.829,1.8789999
EST,1.829,1.8789999
EST,1.829,1.8789999
EST,1.829,1.8789999
EST,1.829,1.8789999
EST,1.829,1.8789999
EST,1.829,1.8789999
EST,1.829,1.8789999
EST,1.829,1.8789999
EST,1.829,1.8789999
EST,1.829,1.8789999
EST,1.829,1.8789999
EST,1.829,1.8789999
EST,1.829,1.8789999
EST,1.829,1.8789999
EST,1.829,1.8789999
EST,1.829,1.8789999
FIN,1.847,1.849
FIN,1.847,1.849
FIN,1.847,1.849
FIN,1.847,1.849
FIN,1.847,1.849
FIN,1.847,1.849
FIN,1.847,1.849
FIN,1.847,1.849
FIN,1.847,1.849
FIN,1.847,1.849
FIN,1.847,1.849
FIN,1.847,1.849
FIN,1.847,1.849
FIN,1.847,1.849
FIN,1.847,1.849
FIN,1.847,1.849
FIN,1.847,1.849
FIN,1.847,1.849
FIN,1.847,1.849
FIN,1.847,1.849
FIN,1.847,1.849
FIN,1.847,1.849
FIN,1.847,1.849
FIN,1.847,1.849
FIN,1.847,1.849
FIN,1.847,1.849
FIN,1.847,1.849
FIN,1.847,1.849
FIN,1.847,1.849
FIN,1.847,1.849
FIN,1.847,1.849
FIN,1.847,1.849
FIN,1.847,1.849
FIN,1.847,1.849
FIN,1.847,1.849
FIN,1.847,1.849
FIN,1.847,1.849
FIN,1.847,1.849
FIN,1.847,1.849
FIN,1.847,1.849
FIN,1.847,1.849
FIN,1.847,1.849
FIN,1.847,1.849
FIN,1.847,1.849
FIN,1.847,1.849
FRA,1.993,2.0639999
FRA,1.993,2.0639999
FRA,1.993,2.0639999
FRA,1.993,2.0639999
FRA,1.993,2.0639999
FRA,1.993,2.0639999
FRA,1.993,2.0639999
FRA,1.993,2.0639999
FRA,1.993,2.0639999
FRA,1.993,2.0639999
FRA,1.993,2.0639999
FRA,1.993,2.0639999
FRA,1.993,2.0639999
FRA,1.993,2.0639999
FRA,1.993,2.0639999
FRA,1.993,2.0639999
FRA,1.993,2.0639999
FRA,1.993,2.0639999
FRA,1.993,2.0639999
FRA,1.993,2.0639999
FRA,1.993,2.0639999
FRA,1.993,2.0639999
FRA,1.993,2.0639999
FRA,1.993,2.0639999
FRA,1.993,2.0639999
FRA,1.993,2.0639999
FRA,1.993,2.0639999
FRA,1.993,2.0639999
FRA,1.993,2.0639999
FRA,1.993,2.0639999
FRA,1.993,2.0639999
FRA,1.993,2.0639999
FRA,1.993,2.0639999
FRA,1.993,2.0639999
FRA,1.993,2.0639999
FRA,1.993,2.0639999
FRA,1.993,2.0639999
FRA,1.993,2.0639999
FRA,1.993,2.0639999
FRA,1.993,2.0639999
FRA,1.993,2.0639999
FRA,1.993,2.0639999
FRA,1.993,2.0639999
FRA,1.993,2.0639999
FRA,1.993,2.0639999
GBR,1.882,1.913
GBR,1.882,1.913
GBR,1.882,1.913
GBR,1.882,1.913
GBR,1.882,1.913
GBR,1.882,1.913
GBR,1.882,1.913
GBR,1.882,1.913
GBR,1.882,1.913
GBR,1.882,1.913
GBR,1.882,1.913
GBR,1.882,1.913
GBR,1.882,1.913
GBR,1.882,1.913
GBR,1.882,1.913
GBR,1.882,1.913
GBR,1.882,1.913
GBR,1.882,1.913
GBR,1.882,1.913
GBR,1.882,1.913
GBR,1.882,1.913
GBR,1.882,1.913
GBR,1.882,1.913
GBR,1.882,1.913
GBR,1.882,1.913
GBR,1.882,1.913
GBR,1.882,1.913
GBR,1.882,1.913
GBR,1.882,1.913
GBR,1.882,1.913
GBR,1.882,1.913
GBR,1.882,1.913
GBR,1.882,1.913
GBR,1.882,1.913
GBR,1.882,1.913
GBR,1.882,1.913
GBR,1.882,1.913
GBR,1.882,1.913
GBR,1.882,1.913
GBR,1.882,1.913
GBR,1.882,1.913
GBR,1.882,1.913
GBR,1.882,1.913
GBR,1.882,1.913
GBR,1.882,1.913
HUN,1.661,1.661
HUN,1.661,1.661
HUN,1.661,1.661
HUN,1.661,1.661
HUN,1.661,1.661
HUN,1.661,1.661
HUN,1.661,1.661
HUN,1.661,1.661
HUN,1.661,1.661
HUN,1.661,1.661
HUN,1.661,1.661
HUN,1.661,1.661
HUN,1.661,1.661
HUN,1.661,1.661
HUN,1.661,1.661
HUN,1.661,1.661
HUN,1.661,1.661
HUN,1.661,1.661
HUN,1.661,1.661
HUN,1.661,1.661
HUN,1.661,1.661
HUN,1.661,1.661
HUN,1.661,1.661
HUN,1.661,1.661
HUN,1.661,1.661
HUN,1.661,1.661
HUN,1.661,1.661
HUN,1.661,1.661
HUN,1.661,1.661
HUN,1.661,1.661
HUN,1.661,1.661
HUN,1.661,1.661
HUN,1.661,1.661
HUN,1.661,1.661
HUN,1.661,1.661
HUN,1.661,1.661
HUN,1.661,1.661
HUN,1.661,1.661
HUN,1.661,1.661
HUN,1.661,1.661
HUN,1.661,1.661
HUN,1.661,1.661
HUN,1.661,1.661
HUN,1.661,1.661
HUN,1.661,1.661
IRL,2.016,2.016
IRL,2.016,2.016
IRL,2.016,2.016
IRL,2.016,2.016
IRL,2.016,2.016
IRL,2.016,2.016
IRL,2.016,2.016
IRL,2.016,2.016
IRL,2.016,2.016
IRL,2.016,2.016
IRL,2.016,2.016
IRL,2.016,2.016
IRL,2.016,2.016
IRL,2.016,2.016
IRL,2.016,2.016
IRL,2.016,2.016
IRL,2.016,2.016
IRL,2.016,2.016
IRL,2.016,2.016
IRL,2.016,2.016
IRL,2.016,2.016
IRL,2.016,2.016
IRL,2.016,2.016
IRL,2.016,2.016
IRL,2.016,2.016
IRL,2.016,2.016
IRL,2.016,2.016
IRL,2.016,2.016
IRL,2.016,2.016
IRL,2.016,2.016
IRL,2.016,2.016
IRL,2.016,2.016
IRL,2.016,2.016
IRL,2.016,2.016
IRL,2.016,2.016
IRL,2.016,2.016
IRL,2.016,2.016
IRL,2.016,2.016
IRL,2.016,2.016
IRL,2.016,2.016
IRL,2.016,2.016
IRL,2.016,2.016
IRL,2.016,2.016
IRL,2.016,2.016
IRL,2.016,2.016
ISL,2.1889999,2.22
ISL,2.1889999,2.22
ISL,2.1889999,2.22
ISL,2.1889999,2.22
ISL,2.1889999,2.22
ISL,2.1889999,2.22
ISL,2.1889999,2.22
ISL,2.1889999,2.22
ISL,2.1889999,2.22
ISL,2.1889999,2.22
ISL,2.1889999,2.22
ISL,2.1889999,2.22
ISL,2.1889999,2.22
ISL,2.1889999,2.22
ISL,2.1889999,2.22
ISL,2.1889999,2.22
ISL,2.1889999,2.22
ISL,2.1889999,2.22
ISL,2.1889999,2.22
ISL,2.1889999,2.22
ISL,2.1889999,2.22
ISL,2.1889999,2.22
ISL,2.1889999,2.22
ISL,2.1889999,2.22
ISL,2.1889999,2.22
ISL,2.1889999,2.22
ISL,2.1889999,2.22
ISL,2.1889999,2.22
ISL,2.1889999,2.22
ISL,2.1889999,2.22
ISL,2.1889999,2.22
ISL,2.1889999,2.22
ISL,2.1889999,2.22
ISL,2.1889999,2.22
ISL,2.1889999,2.22
ISL,2.1889999,2.22
ISL,2.1889999,2.22
ISL,2.1889999,2.22
ISL,2.1889999,2.22
ISL,2.1889999,2.22
ISL,2.1889999,2.22
ISL,2.1889999,2.22
ISL,2.1889999,2.22
ISL,2.1889999,2.22
ISL,2.1889999,2.22
ITA,1.421,1.421
ITA,1.421,1.421
ITA,1.421,1.421
ITA,1.421,1.421
ITA,1.421,1.421
ITA,1.421,1.421
ITA,1.421,1.421
ITA,1.421,1.421
ITA,1.421,1.421
ITA,1.421,1.421
ITA,1.421,1.421
ITA,1.421,1.421
ITA,1.421,1.421
ITA,1.421,1.421
ITA,1.421,1.421
ITA,1.421,1.421
ITA,1.421,1.421
ITA,1.421,1.421
ITA,1.421,1.421
ITA,1.421,1.421
ITA,1.421,1.421
ITA,1.421,1.421
ITA,1.421,1.421
ITA,1.421,1.421
ITA,1.421,1.421
ITA,1.421,1.421
ITA,1.421,1.421
ITA,1.421,1.421
ITA,1.421,1.421
ITA,1.421,1.421
ITA,1.421,1.421
ITA,1.421,1.421
ITA,1.421,1.421
ITA,1.421,1.421
ITA,1.421,1.421
ITA,1.421,1.421
ITA,1.421,1.421
ITA,1.421,1.421
ITA,1.421,1.421
ITA,1.421,1.421
ITA,1.421,1.421
ITA,1.421,1.421
ITA,1.421,1.421
ITA,1.421,1.421
ITA,1.421,1.421
JPN,1.432,1.479
JPN,1.432,1.479
JPN,1.432,1.479
JPN,1.432,1.479
JPN,1.432,1.479
JPN,1.432,1.479
JPN,1.432,1.479
JPN,1.432,1.479
JPN,1.432,1.479
JPN,1.432,1.479
JPN,1.432,1.479
JPN,1.432,1.479
JPN,1.432,1.479
JPN,1.432,1.479
JPN,1.432,1.479
JPN,1.432,1.479
JPN,1.432,1.479
JPN,1.432,1.479
JPN,1.432,1.479
JPN,1.432,1.479
JPN,1.432,1.479
JPN,1.432,1.479
JPN,1.432,1.479
JPN,1.432,1.479
JPN,1.432,1.479
JPN,1.432,1.479
JPN,1.432,1.479
JPN,1.432,1.479
JPN,1.432,1.479
JPN,1.432,1.479
JPN,1.432,1.479
JPN,1.432,1.479
JPN,1.432,1.479
JPN,1.432,1.479
JPN,1.432,1.479
JPN,1.432,1.479
JPN,1.432,1.479
JPN,1.432,1.479
JPN,1.432,1.479
JPN,1.432,1.479
JPN,1.432,1.479
JPN,1.432,1.479
JPN,1.432,1.479
JPN,1.432,1.479
JPN,1.432,1.479
LTU,1.698,1.771
LTU,1.698,1.771
LTU,1.698,1.771
LTU,1.698,1.771
LTU,1.698,1.771
LTU,1.698,1.771
LTU,1.698,1.771
LTU,1.698,1.771
LTU,1.698,1.771
LTU,1.698,1.771
LTU,1.698,1.771
LTU,1.698,1.771
LTU,1.698,1.771
LTU,1.698,1.771
LTU,1.698,1.771
LTU,1.698,1.771
LTU,1.698,1.771
LTU,1.698,1.771
LTU,1.698,1.771
LTU,1.698,1.771
LTU,1.698,1.771
LTU,1.698,1.771
LTU,1.698,1.771
LTU,1.698,1.771
LTU,1.698,1.771
LTU,1.698,1.771
LTU,1.698,1.771
LTU,1.698,1.771
LTU,1.698,1.771
LTU,1.698,1.771
LTU,1.698,1.771
LTU,1.698,1.771
LTU,1.698,1.771
LTU,1.698,1.771
LTU,1.698,1.771
LTU,1.698,1.771
LTU,1.698,1.771
LTU,1.698,1.771
LTU,1.698,1.771
LTU,1.698,1.771
LTU,1.698,1.771
LTU,1.698,1.771
LTU,1.698,1.771
LTU,1.698,1.771
LTU,1.698,1.771
NLD,1.753,1.7920001
NLD,1.753,1.7920001
NLD,1.753,1.7920001
NLD,1.753,1.7920001
NLD,1.753,1.7920001
NLD,1.753,1.7920001
NLD,1.753,1.7920001
NLD,1.753,1.7920001
NLD,1.753,1.7920001
NLD,1.753,1.7920001
NLD,1.753,1.7920001
NLD,1.753,1.7920001
NLD,1.753,1.7920001
NLD,1.753,1.7920001
NLD,1.753,1.7920001
NLD,1.753,1.7920001
NLD,1.753,1.7920001
NLD,1.753,1.7920001
NLD,1.753,1.7920001
NLD,1.753,1.7920001
NLD,1.753,1.7920001
NLD,1.753,1.7920001
NLD,1.753,1.7920001
NLD,1.753,1.7920001
NLD,1.753,1.7920001
NLD,1.753,1.7920001
NLD,1.753,1.7920001
NLD,1.753,1.7920001
NLD,1.753,1.7920001
NLD,1.753,1.7920001
NLD,1.753,1.7920001
NLD,1.753,1.7920001
NLD,1.753,1.7920001
NLD,1.753,1.7920001
NLD,1.753,1.7920001
NLD,1.753,1.7920001
NLD,1.753,1.7920001
NLD,1.753,1.7920001
NLD,1.753,1.7920001
NLD,1.753,1.7920001
NLD,1.753,1.7920001
NLD,1.753,1.7920001
NLD,1.753,1.7920001
NLD,1.753,1.7920001
NLD,1.753,1.7920001
NOR,1.967,1.967
NOR,1.967,1.967
NOR,1.967,1.967
NOR,1.967,1.967
NOR,1.967,1.967
NOR,1.967,1.967
NOR,1.967,1.967
NOR,1.967,1.967
NOR,1.967,1.967
NOR,1.967,1.967
NOR,1.967,1.967
NOR,1.967,1.967
NOR,1.967,1.967
NOR,1.967,1.967
NOR,1.967,1.967
NOR,1.967,1.967
NOR,1.967,1.967
NOR,1.967,1.967
NOR,1.967,1.967
NOR,1.967,1.967
NOR,1.967,1.967
NOR,1.967,1.967
NOR,1.967,1.967
NOR,1.967,1.967
NOR,1.967,1.967
NOR,1.967,1.967
NOR,1.967,1.967
NOR,1.967,1.967
NOR,1.967,1.967
NOR,1.967,1.967
NOR,1.967,1.967
NOR,1.967,1.967
NOR,1.967,1.967
NOR,1.967,1.967
NOR,1.967,1.967
NOR,1.967,1.967
NOR,1.967,1.967
NOR,1.967,1.967
NOR,1.967,1.967
NOR,1.967,1.967
NOR,1.967,1.967
NOR,1.967,1.967
NOR,1.967,1.967
NOR,1.967,1.967
NOR,1.967,1.967
POL,1.48,1.48
POL,1.48,1.48
POL,1.48,1.48
POL,1.48,1.48
POL,1.48,1.48
POL,1.48,1.48
POL,1.48,1.48
POL,1.48,1.48
POL,1.48,1.48
POL,1.48,1.48
POL,1.48,1.48
POL,1.48,1.48
POL,1.48,1.48
POL,1.48,1.48
POL,1.48,1.48
POL,1.48,1.48
POL,1.48,1.48
POL,1.48,1.48
POL,1.48,1.48
POL,1.48,1.48
POL,1.48,1.48
POL,1.48,1.48
POL,1.48,1.48
POL,1.48,1.48
POL,1.48,1.48
POL,1.48,1.48
POL,1.48,1.48
POL,1.48,1.48
POL,1.48,1.48
POL,1.48,1.48
POL,1.48,1.48
POL,1.48,1.48
POL,1.48,1.48
POL,1.48,1.48
POL,1.48,1.48
POL,1.48,1.48
POL,1.48,1.48
POL,1.48,1.48
POL,1.48,1.48
POL,1.48,1.48
POL,1.48,1.48
POL,1.48,1.48
POL,1.48,1.48
POL,1.48,1.48
POL,1.48,1.48
PRT,1.572,1.572
PRT,1.572,1.572
PRT,1.572,1.572
PRT,1.572,1.572
PRT,1.572,1.572
PRT,1.572,1.572
PRT,1.572,1.572
PRT,1.572,1.572
PRT,1.572,1.572
PRT,1.572,1.572
PRT,1.572,1.572
PRT,1.572,1.572
PRT,1.572,1.572
PRT,1.572,1.572
PRT,1.572,1.572
PRT,1.572,1.572
PRT,1.572,1.572
PRT,1.572,1.572
PRT,1.572,1.572
PRT,1.572,1.572
PRT,1.572,1.572
PRT,1.572,1.572
PRT,1.572,1.572
PRT,1.572,1.572
PRT,1.572,1.572
PRT,1.572,1.572
PRT,1.572,1.572
PRT,1.572,1.572
PRT,1.572,1.572
PRT,1.572,1.572
PRT,1.572,1.572
PRT,1.572,1.572
PRT,1.572,1.572
PRT,1.572,1.572
PRT,1.572,1.572
PRT,1.572,1.572
PRT,1.572,1.572
PRT,1.572,1.572
PRT,1.572,1.572
PRT,1.572,1.572
PRT,1.572,1.572
PRT,1.572,1.572
PRT,1.572,1.572
PRT,1.572,1.572
PRT,1.572,1.572
RUS,1.579,1.61
RUS,1.579,1.61
RUS,1.579,1.61
RUS,1.579,1.61
RUS,1.579,1.61
RUS,1.579,1.61
RUS,1.579,1.61
RUS,1.579,1.61
RUS,1.579,1.61
RUS,1.579,1.61
RUS,1.579,1.61
RUS,1.579,1.61
RUS,1.579,1.61
RUS,1.579,1.61
RUS,1.579,1.61
RUS,1.579,1.61
RUS,1.579,1.61
RUS,1.579,1.61
RUS,1.579,1.61
RUS,1.579,1.61
RUS,1.579,1.61
RUS,1.579,1.61
RUS,1.579,1.61
RUS,1.579,1.61
RUS,1.579,1.61
RUS,1.579,1.61
RUS,1.579,1.61
RUS,1.579,1.61
RUS,1.579,1.61
RUS,1.579,1.61
RUS,1.579,1.61
RUS,1.579,1.61
RUS,1.579,1.61
RUS,1.579,1.61
RUS,1.579,1.61
RUS,1.579,1.61
RUS,1.579,1.61
RUS,1.579,1.61
RUS,1.579,1.61
RUS,1.579,1.61
RUS,1.579,1.61
RUS,1.579,1.61
RUS,1.579,1.61
RUS,1.579,1.61
RUS,1.579,1.61
SVK,1.932,1.932
SVK,1.932,1.932
SVK,1.932,1.932
SVK,1.932,1.932
SVK,1.932,1.932
SVK,1.932,1.932
SVK,1.932,1.932
SVK,1.932,1.932
SVK,1.932,1.932
SVK,1.932,1.932
SVK,1.932,1.932
SVK,1.932,1.932
SVK,1.932,1.932
SVK,1.932,1.932
SVK,1.932,1.932
SVK,1.932,1.932
SVK,1.932,1.932
SVK,1.932,1.932
SVK,1.932,1.932
SVK,1.932,1.932
SVK,1.932,1.932
SVK,1.932,1.932
SVK,1.932,1.932
SVK,1.932,1.932
SVK,1.932,1.932
SVK,1.932,1.932
SVK,1.932,1.932
SVK,1.932,1.932
SVK,1.932,1.932
SVK,1.932,1.932
SVK,1.932,1.932
SVK,1.932,1.932
SVK,1.932,1.932
SVK,1.932,1.932
SVK,1.932,1.932
SVK,1.932,1.932
SVK,1.932,1.932
SVK,1.932,1.932
SVK,1.932,1.932
SVK,1.932,1.932
SVK,1.932,1.932
SVK,1.932,1.932
SVK,1.932,1.932
SVK,1.932,1.932
SVK,1.932,1.932
SVN,1.6569999,1.686
SVN,1.6569999,1.686
SVN,1.6569999,1.686
SVN,1.6569999,1.686
SVN,1.6569999,1.686
SVN,1.6569999,1.686
SVN,1.6569999,1.686
SVN,1.6569999,1.686
SVN,1.6569999,1.686
SVN,1.6569999,1.686
SVN,1.6569999,1.686
SVN,1.6569999,1.686
SVN,1.6569999,1.686
SVN,1.6569999,1.686
SVN,1.6569999,1.686
SVN,1.6569999,1.686
SVN,1.6569999,1.686
SVN,1.6569999,1.686
SVN,1.6569999,1.686
SVN,1.6569999,1.686
SVN,1.6569999,1.686
SVN,1.6569999,1.686
SVN,1.6569999,1.686
SVN,1.6569999,1.686
SVN,1.6569999,1.686
SVN,1.6569999,1.686
SVN,1.6569999,1.686
SVN,1.6569999,1.686
SVN,1.6569999,1.686
SVN,1.6569999,1.686
SVN,1.6569999,1.686
SVN,1.6569999,1.686
SVN,1.6569999,1.686
SVN,1.6569999,1.686
SVN,1.6569999,1.686
SVN,1.6569999,1.686
SVN,1.6569999,1.686
SVN,1.6569999,1.686
SVN,1.6569999,1.686
SVN,1.6569999,1.686
SVN,1.6569999,1.686
SVN,1.6569999,1.686
SVN,1.6569999,1.686
SVN,1.6569999,1.686
SVN,1.6569999,1.686
SWE,1.9220001,1.9220001
SWE,1.9220001,1.9220001
SWE,1.9220001,1.9220001
SWE,1.9220001,1.9220001
SWE,1.9220001,1.9220001
SWE,1.9220001,1.9220001
SWE,1.9220001,1.9220001
SWE,1.9220001,1.9220001
SWE,1.9220001,1.9220001
SWE,1.9220001,1.9220001
SWE,1.9220001,1.9220001
SWE,1.9220001,1.9220001
SWE,1.9220001,1.9220001
SWE,1.9220001,1.9220001
SWE,1.9220001,1.9220001
SWE,1.9220001,1.9220001
SWE,1.9220001,1.9220001
SWE,1.9220001,1.9220001
SWE,1.9220001,1.9220001
SWE,1.9220001,1.9220001
SWE,1.9220001,1.9220001
SWE,1.9220001,1.9220001
SWE,1.9220001,1.9220001
SWE,1.9220001,1.9220001
SWE,1.9220001,1.9220001
SWE,1.9220001,1.9220001
SWE,1.9220001,1.9220001
SWE,1.9220001,1.9220001
SWE,1.9220001,1.9220001
SWE,1.9220001,1.9220001
SWE,1.9220001,1.9220001
SWE,1.9220001,1.9220001
SWE,1.9220001,1.9220001
SWE,1.9220001,1.9220001
SWE,1.9220001,1.9220001
SWE,1.9220001,1.9220001
SWE,1.9220001,1.9220001
SWE,1.9220001,1.9220001
SWE,1.9220001,1.9220001
SWE,1.9220001,1.9220001
SWE,1.9220001,1.9220001
SWE,1.9220001,1.9220001
SWE,1.9220001,1.9220001
SWE,1.9220001,1.9220001
SWE,1.9220001,1.9220001
TWN,1.432,1.432
TWN,1.432,1.432
TWN,1.432,1.432
TWN,1.432,1.432
TWN,1.432,1.432
TWN,1.432,1.432
TWN,1.432,1.432
TWN,1.432,1.432
TWN,1.432,1.432
TWN,1.432,1.432
TWN,1.432,1.432
TWN,1.432,1.432
TWN,1.432,1.432
TWN,1.432,1.432
TWN,1.432,1.432
TWN,1.432,1.432
TWN,1.432,1.432
TWN,1.432,1.432
TWN,1.432,1.432
TWN,1.432,1.432
TWN,1.432,1.432
TWN,1.432,1.432
TWN,1.432,1.432
TWN,1.432,1.432
TWN,1.432,1.432
TWN,1.432,1.432
TWN,1.432,1.432
TWN,1.432,1.432
TWN,1.432,1.432
TWN,1.432,1.432
TWN,1.432,1.432
TWN,1.432,1.432
TWN,1.432,1.432
TWN,1.432,1.432
TWN,1.432,1.432
TWN,1.432,1.432
TWN,1.432,1.432
TWN,1.432,1.432
TWN,1.432,1.432
TWN,1.432,1.432
TWN,1.432,1.432
TWN,1.432,1.432
TWN,1.432,1.432
TWN,1.432,1.432
TWN,1.432,1.432
UKR,1.596,1.596
UKR,1.596,1.596
UKR,1.596,1.596
UKR,1.596,1.596
UKR,1.596,1.596
UKR,1.596,1.596
UKR,1.596,1.596
UKR,1.596,1.596
UKR,1.596,1.596
UKR,1.596,1.596
UKR,1.596,1.596
UKR,1.596,1.596
UKR,1.596,1.596
UKR,1.596,1.596
UKR,1.596,1.596
UKR,1.596,1.596
UKR,1.596,1.596
UKR,1.596,1.596
UKR,1.596,1.596
UKR,1.596,1.596
UKR,1.596,1.596
UKR,1.596,1.596
UKR,1.596,1.596
UKR,1.596,1.596
UKR,1.596,1.596
UKR,1.596,1.596
UKR,1.596,1.596
UKR,1.596,1.596
UKR,1.596,1.596
UKR,1.596,1.596
UKR,1.596,1.596
UKR,1.596,1.596
UKR,1.596,1.596
UKR,1.596,1.596
UKR,1.596,1.596
UKR,1.596,1.596
UKR,1.596,1.596
UKR,1.596,1.596
UKR,1.596,1.596
UKR,1.596,1.596
UKR,1.596,1.596
UKR,1.596,1.596
UKR,1.596,1.596
UKR,1.596,1.596
UKR,1.596,1.596
USA,1.972,2.1760001
USA,1.972,2.1760001
USA,1.972,2.1760001
USA,1.972,2.1760001
USA,1.972,2.1760001
USA,1.972,2.1760001
USA,1.972,2.1760001
USA,1.972,2.1760001
USA,1.972,2.1760001
USA,1.972,2.1760001
USA,1.972,2.1760001
USA,1.972,2.1760001
USA,1.972,2.1760001
USA,1.972,2.1760001
USA,1.972,2.1760001
USA,1.972,2.1760001
USA,1.972,2.1760001
USA,1.972,2.1760001
USA,1.972,2.1760001
USA,1.972,2.1760001
USA,1.972,2.1760001
USA,1.972,2.1760001
USA,1.972,2.1760001
USA,1.972,2.1760001
USA,1.972,2.1760001
USA,1.972,2.1760001
USA,1.972,2.1760001
USA,1.972,2.1760001
USA,1.972,2.1760001
USA,1.972,2.1760001
USA,1.972,2.1760001
USA,1.972,2.1760001
USA,1.972,2.1760001
USA,1.972,2.1760001
USA,1.972,2.1760001
USA,1.972,2.1760001
USA,1.972,2.1760001
USA,1.972,2.1760001
USA,1.972,2.1760001
USA,1.972,2.1760001
USA,1.972,2.1760001
USA,1.972,2.1760001
USA,1.972,2.1760001
USA,1.972,2.1760001
USA,1.972,2.1760001
